# ************************************************************
# Sequel Pro SQL dump
# Version 4135
#
# http://www.sequelpro.com/
# http://code.google.com/p/sequel-pro/
#
# Host: 127.0.0.1 (MySQL 5.5.38)
# Database: projetindus
# Generation Time: 2015-11-17 10:38:48 +0000
# ************************************************************


/*!40101 SET @OLD_CHARACTER_SET_CLIENT=@@CHARACTER_SET_CLIENT */;
/*!40101 SET @OLD_CHARACTER_SET_RESULTS=@@CHARACTER_SET_RESULTS */;
/*!40101 SET @OLD_COLLATION_CONNECTION=@@COLLATION_CONNECTION */;
/*!40101 SET NAMES utf8 */;
/*!40014 SET @OLD_FOREIGN_KEY_CHECKS=@@FOREIGN_KEY_CHECKS, FOREIGN_KEY_CHECKS=0 */;
/*!40101 SET @OLD_SQL_MODE=@@SQL_MODE, SQL_MODE='NO_AUTO_VALUE_ON_ZERO' */;
/*!40111 SET @OLD_SQL_NOTES=@@SQL_NOTES, SQL_NOTES=0 */;


# Dump of table actions
# ------------------------------------------------------------

DROP TABLE IF EXISTS `actions`;

CREATE TABLE `actions` (
  `id` int(11) NOT NULL AUTO_INCREMENT,
  `idTypeAction` int(11) DEFAULT NULL,
  `idItem` int(11) DEFAULT NULL,
  `idUtilisateur` int(11) DEFAULT NULL,
  PRIMARY KEY (`id`),
  KEY `IDX_548F1EF46A0FC25` (`idTypeAction`),
  KEY `IDX_548F1EF6CE67B80` (`idItem`),
  KEY `IDX_548F1EF5D419CCB` (`idUtilisateur`),
  CONSTRAINT `FK_548F1EF46A0FC25` FOREIGN KEY (`idTypeAction`) REFERENCES `typeaction` (`id`),
  CONSTRAINT `FK_548F1EF5D419CCB` FOREIGN KEY (`idUtilisateur`) REFERENCES `utilisateur` (`id`),
  CONSTRAINT `FK_548F1EF6CE67B80` FOREIGN KEY (`idItem`) REFERENCES `item` (`id`) ON DELETE CASCADE
) ENGINE=InnoDB DEFAULT CHARSET=utf8 COLLATE=utf8_unicode_ci;

LOCK TABLES `actions` WRITE;
/*!40000 ALTER TABLE `actions` DISABLE KEYS */;

INSERT INTO `actions` (`id`, `idTypeAction`, `idItem`, `idUtilisateur`)
VALUES
	(1,2,20,2),
	(2,2,34,2),
	(19,1,47,2),
	(20,1,20,2),
	(23,1,181,2),
	(45,1,183,2),
	(46,2,42,2),
	(47,1,43,3),
	(48,1,43,4),
	(49,2,30,1),
	(50,1,34,1);

/*!40000 ALTER TABLE `actions` ENABLE KEYS */;
UNLOCK TABLES;


# Dump of table algorithm
# ------------------------------------------------------------

DROP TABLE IF EXISTS `algorithm`;

CREATE TABLE `algorithm` (
  `id` int(11) NOT NULL AUTO_INCREMENT,
  `nom` varchar(25) NOT NULL,
  `label` varchar(25) DEFAULT NULL,
  `precalculated` tinyint(1) NOT NULL DEFAULT '0',
  `color` varchar(25) DEFAULT NULL,
  PRIMARY KEY (`id`)
) ENGINE=InnoDB DEFAULT CHARSET=latin1;

LOCK TABLES `algorithm` WRITE;
/*!40000 ALTER TABLE `algorithm` DISABLE KEYS */;

INSERT INTO `algorithm` (`id`, `nom`, `label`, `precalculated`, `color`)
VALUES
	(3,'popular','Most popular',0,'#b687c7'),
	(7,'random','Random',0,'#87c78a'),
	(8,'genre','Same genre',1,'#6e8bd4'),
	(9,'genre_precalculated',NULL,1,NULL);

/*!40000 ALTER TABLE `algorithm` ENABLE KEYS */;
UNLOCK TABLES;


# Dump of table artiste
# ------------------------------------------------------------

DROP TABLE IF EXISTS `artiste`;

CREATE TABLE `artiste` (
  `id` int(11) NOT NULL AUTO_INCREMENT,
  `nom` varchar(25) COLLATE utf8_unicode_ci NOT NULL,
  `note` decimal(5,2) NOT NULL,
  `urlCover` varchar(256) COLLATE utf8_unicode_ci DEFAULT NULL,
  `idEcho` varchar(25) COLLATE utf8_unicode_ci DEFAULT NULL,
  PRIMARY KEY (`id`)
) ENGINE=InnoDB DEFAULT CHARSET=utf8 COLLATE=utf8_unicode_ci;

LOCK TABLES `artiste` WRITE;
/*!40000 ALTER TABLE `artiste` DISABLE KEYS */;

INSERT INTO `artiste` (`id`, `nom`, `note`, `urlCover`, `idEcho`)
VALUES
	(5,'Aloe Blacc',0.00,'http://img2-ak.lst.fm/i/u/300x300/feced211198a43209d5be85bd5dd87ee.png','ARKS0051187FB43934'),
	(6,'Amadou Et Mariam',0.00,NULL,NULL),
	(7,'Bobby McFerrin',0.00,'http://img2-ak.lst.fm/i/u/300x300/b6e89490f2b84c51b341b24dd71fac1c.png','ARSK10P1187B9B717C'),
	(8,'Cream',0.00,'http://img2-ak.lst.fm/i/u/300x300/4eaf60f12d7c41fc81eeedaec45c041b.png','ARZHSES1187FB58AAC'),
	(9,'Jimi Hendrix',0.00,'http://img2-ak.lst.fm/i/u/300x300/37696a0d07f849f5bdd34cac656a218e.png','ARNDL191187FB51583'),
	(10,'Jorge Ben',0.00,'http://img2-ak.lst.fm/i/u/300x300/a938b8239766423698778108f67d7ee6.png','AR0Y6CY1187FB57349'),
	(11,'Led Zeppelin',0.00,'http://img2-ak.lst.fm/i/u/300x300/863a2e6560b843d5b482f10000e444b3.png','ARDIBRT1187B9AF176'),
	(12,'Lenny Kravitz',0.00,'http://img2-ak.lst.fm/i/u/300x300/6596f75e0787418784839d33b9bbd004.png','ARFA4301187B9AD04A'),
	(13,'Michael Jackson',0.00,'http://img2-ak.lst.fm/i/u/300x300/ff583f524d2a4e4da14c516d0935e928.png','ARXPPEY1187FB51DF4'),
	(14,'Nina Simone',0.00,'http://img2-ak.lst.fm/i/u/300x300/eb68f0903ca046b48f849051c9d6d748.png','AR2UWUD1187B9B3B01'),
	(15,'Pink Floyd',0.00,'http://img2-ak.lst.fm/i/u/300x300/c681346cab004271861c9ec9f132de18.png','ARD4C1I1187FB4B0C3'),
	(42,'Rihanna',0.00,'http://img2-ak.lst.fm/i/u/300x300/f4170eae4d3147c1942b3c4b38283ab3.png','ARKU3Z61187FB51DCA'),
	(50,'Radiohead',0.00,'http://img2-ak.lst.fm/i/u/300x300/5ffbb11c459b45f7ac2f4d71e56a44c8.png','ARH6W4X1187B99274F'),
	(51,'Spin Doctors',0.00,'http://img2-ak.lst.fm/i/u/300x300/c48eaacc53b146c5a34d20e67c785341.png','ARVT9E11187B9AEC41'),
	(52,'Coldplay',0.00,'http://img2-ak.lst.fm/i/u/300x300/c375ad0a95cc46e1c62a2dff0c692b8d.png','ARJ7KF01187B98D717'),
	(53,'Katy Perry',0.00,'http://img2-ak.lst.fm/i/u/300x300/bd7cafc9d9ef4b2acba3f9a9290e0a53.png','AR0IVTL1187B9AD520'),
	(54,'In Flames',0.00,'http://img2-ak.lst.fm/i/u/300x300/45c7a839cdea4dd18e5fa59f755f93c3.png','ARTQKVD1187B98DF8C'),
	(55,'Snow Patrol',0.00,'http://img2-ak.lst.fm/i/u/300x300/c6bc788e201ed7a3c01be16b78c840ec.png','ARVN9FZ1187FB393F1');

/*!40000 ALTER TABLE `artiste` ENABLE KEYS */;
UNLOCK TABLES;


# Dump of table artistegenre
# ------------------------------------------------------------

DROP TABLE IF EXISTS `artistegenre`;

CREATE TABLE `artistegenre` (
  `idArtiste` int(11) NOT NULL,
  `idGenre` int(11) NOT NULL,
  `frequency` decimal(2,2) DEFAULT NULL,
  `weight` decimal(2,2) DEFAULT NULL,
  PRIMARY KEY (`idArtiste`,`idGenre`),
  KEY `IDX_164507186CE67B80` (`idArtiste`),
  KEY `IDX_16450718949470E5` (`idGenre`),
  CONSTRAINT `FK_16450718949470E5` FOREIGN KEY (`idGenre`) REFERENCES `genre` (`id`) ON DELETE CASCADE ON UPDATE CASCADE
) ENGINE=InnoDB DEFAULT CHARSET=utf8 COLLATE=utf8_unicode_ci;

LOCK TABLES `artistegenre` WRITE;
/*!40000 ALTER TABLE `artistegenre` DISABLE KEYS */;

INSERT INTO `artistegenre` (`idArtiste`, `idGenre`, `frequency`, `weight`)
VALUES
	(5,202,0.06,0.15),
	(5,203,0.14,0.14),
	(5,204,0.06,0.14),
	(7,205,0.08,0.19),
	(7,206,0.05,0.17),
	(7,207,0.06,0.16),
	(7,208,0.06,0.16),
	(7,209,0.08,0.15),
	(7,210,0.10,0.11),
	(8,211,0.02,0.17),
	(8,212,0.02,0.16),
	(8,213,0.08,0.13),
	(8,214,0.04,0.13),
	(8,215,0.01,0.12),
	(8,216,0.02,0.10),
	(9,211,0.02,0.19),
	(9,212,0.03,0.24),
	(9,213,0.09,0.16),
	(10,211,0.08,0.24),
	(10,213,0.32,0.15),
	(10,217,0.15,0.31),
	(10,218,0.16,0.26),
	(10,219,0.11,0.17),
	(10,220,0.11,0.16),
	(10,221,0.21,0.16),
	(11,211,0.02,0.25),
	(11,214,0.04,0.12),
	(11,222,0.02,0.13),
	(11,223,0.03,0.11),
	(12,211,0.02,0.18),
	(12,214,0.04,0.12),
	(12,224,0.02,0.13),
	(13,225,0.08,0.45),
	(13,226,0.05,0.16),
	(14,206,0.04,0.15),
	(14,210,0.13,0.15),
	(14,211,0.03,0.16),
	(14,213,0.14,0.13),
	(14,227,0.03,0.16),
	(14,228,0.04,0.12),
	(15,210,0.05,0.11),
	(15,211,0.02,0.21),
	(15,212,0.01,0.10),
	(15,213,0.07,0.11),
	(15,229,0.05,0.31),
	(15,230,0.02,0.10),
	(42,233,0.99,0.99),
	(42,234,0.33,0.69),
	(42,235,0.27,0.41),
	(42,236,0.18,0.41),
	(42,237,0.06,0.21),
	(42,238,0.10,0.18),
	(42,239,0.05,0.16),
	(53,233,0.99,0.99),
	(53,235,0.13,0.20),
	(53,240,0.46,0.36),
	(53,241,0.13,0.27),
	(53,242,0.04,0.12),
	(53,243,0.04,0.10),
	(54,231,0.04,0.16),
	(54,232,0.02,0.13);

/*!40000 ALTER TABLE `artistegenre` ENABLE KEYS */;
UNLOCK TABLES;


# Dump of table artistemusique
# ------------------------------------------------------------

DROP TABLE IF EXISTS `artistemusique`;

CREATE TABLE `artistemusique` (
  `hotttness` decimal(6,6) NOT NULL,
  `familiarity` decimal(6,6) NOT NULL,
  `idArtiste` int(11) NOT NULL,
  PRIMARY KEY (`idArtiste`),
  CONSTRAINT `FK_4D5F473E8CBE5EBD` FOREIGN KEY (`idArtiste`) REFERENCES `artiste` (`id`) ON DELETE CASCADE ON UPDATE CASCADE
) ENGINE=InnoDB DEFAULT CHARSET=utf8 COLLATE=utf8_unicode_ci;

LOCK TABLES `artistemusique` WRITE;
/*!40000 ALTER TABLE `artistemusique` DISABLE KEYS */;

INSERT INTO `artistemusique` (`hotttness`, `familiarity`, `idArtiste`)
VALUES
	(0.685780,0.638380,5),
	(0.315700,0.151630,6),
	(0.619190,0.650850,7),
	(0.640350,0.748070,8),
	(0.757380,0.848615,9),
	(0.526024,0.578520,10),
	(0.855990,0.871760,11),
	(0.832510,0.767600,12),
	(0.811330,0.865236,13),
	(0.761002,0.771614,14),
	(0.808348,0.892580,15),
	(0.977954,0.848389,42),
	(0.841847,0.870636,50),
	(0.605080,0.605458,51),
	(0.913335,0.857284,52),
	(0.879605,0.813944,53),
	(0.633048,0.700548,54),
	(0.740488,0.734385,55);

/*!40000 ALTER TABLE `artistemusique` ENABLE KEYS */;
UNLOCK TABLES;


# Dump of table artistesimilaire
# ------------------------------------------------------------

DROP TABLE IF EXISTS `artistesimilaire`;

CREATE TABLE `artistesimilaire` (
  `idArtiste` int(11) NOT NULL,
  `idSim` int(11) NOT NULL,
  KEY `idArtiste` (`idArtiste`),
  KEY `idSim` (`idSim`),
  CONSTRAINT `artistesimilaire_ibfk_1` FOREIGN KEY (`idArtiste`) REFERENCES `artiste` (`id`) ON DELETE CASCADE,
  CONSTRAINT `artistesimilaire_ibfk_2` FOREIGN KEY (`idSim`) REFERENCES `artiste` (`id`) ON DELETE CASCADE
) ENGINE=InnoDB DEFAULT CHARSET=latin1;

LOCK TABLES `artistesimilaire` WRITE;
/*!40000 ALTER TABLE `artistesimilaire` DISABLE KEYS */;

INSERT INTO `artistesimilaire` (`idArtiste`, `idSim`)
VALUES
	(55,52),
	(9,8),
	(12,51),
	(12,9),
	(52,55),
	(52,55),
	(52,55),
	(55,52);

/*!40000 ALTER TABLE `artistesimilaire` ENABLE KEYS */;
UNLOCK TABLES;


# Dump of table artistevideo
# ------------------------------------------------------------

DROP TABLE IF EXISTS `artistevideo`;

CREATE TABLE `artistevideo` (
  `idArtiste` int(11) NOT NULL,
  PRIMARY KEY (`idArtiste`),
  CONSTRAINT `FK_B92ACEB48CBE5EBD` FOREIGN KEY (`idArtiste`) REFERENCES `artiste` (`id`)
) ENGINE=InnoDB DEFAULT CHARSET=utf8 COLLATE=utf8_unicode_ci;



# Dump of table ecoute
# ------------------------------------------------------------

DROP TABLE IF EXISTS `ecoute`;

CREATE TABLE `ecoute` (
  `id` int(11) NOT NULL AUTO_INCREMENT,
  `date` datetime NOT NULL,
  `typeEcoute` varchar(1) COLLATE utf8_unicode_ci NOT NULL,
  `idItem` int(11) DEFAULT NULL,
  PRIMARY KEY (`id`),
  KEY `IDX_709D561C6CE67B80` (`idItem`),
  CONSTRAINT `FK_709D561C6CE67B80` FOREIGN KEY (`idItem`) REFERENCES `item` (`id`) ON DELETE CASCADE
) ENGINE=InnoDB DEFAULT CHARSET=utf8 COLLATE=utf8_unicode_ci;

LOCK TABLES `ecoute` WRITE;
/*!40000 ALTER TABLE `ecoute` DISABLE KEYS */;

INSERT INTO `ecoute` (`id`, `date`, `typeEcoute`, `idItem`)
VALUES
	(22,'2015-04-01 09:09:17','0',57),
	(23,'2015-04-01 09:10:23','0',57),
	(24,'2015-04-01 09:12:32','0',57),
	(29,'2015-04-01 10:12:36','0',57),
	(30,'2015-04-01 10:14:07','0',57),
	(62,'2015-04-01 14:34:57','0',57),
	(66,'2015-04-01 14:35:33','0',57),
	(77,'2015-04-02 14:44:12','1',53),
	(94,'2015-04-02 15:34:45','0',57),
	(97,'2015-04-02 15:43:37','0',44),
	(99,'2015-04-02 15:45:40','0',44),
	(100,'2015-04-02 15:45:44','0',44),
	(104,'2015-04-02 15:47:57','0',45),
	(106,'2015-04-02 15:49:32','0',45),
	(108,'2015-04-02 15:49:42','0',44),
	(109,'2015-04-02 15:49:44','0',45),
	(113,'2015-04-02 15:51:04','0',44),
	(117,'2015-04-02 15:57:52','0',44),
	(120,'2015-04-02 16:17:45','0',42),
	(125,'2015-04-02 16:38:00','0',42),
	(128,'2015-04-02 16:43:02','0',42),
	(131,'2015-04-02 16:44:53','0',42),
	(134,'2015-04-02 16:46:33','0',42),
	(138,'2015-04-03 09:07:12','0',43),
	(141,'2015-04-03 09:09:14','0',42),
	(144,'2015-04-03 09:10:43','0',42),
	(177,'2015-04-07 10:21:34','0',47),
	(181,'2015-04-07 10:24:23','0',46),
	(185,'2015-04-07 10:28:19','0',46),
	(188,'2015-04-07 10:29:10','0',46),
	(198,'2015-04-07 11:05:31','0',57),
	(221,'2015-04-07 11:36:06','0',45),
	(227,'2015-04-07 11:42:13','0',57),
	(232,'2015-04-07 11:46:19','0',46),
	(233,'2015-04-07 11:46:29','0',57),
	(235,'2015-04-07 11:48:58','0',42),
	(236,'2015-04-07 11:49:13','0',57),
	(238,'2015-04-07 11:50:21','0',44),
	(239,'2015-04-07 11:50:37','0',57),
	(242,'2015-04-07 11:53:09','0',42),
	(244,'2015-04-07 11:54:13','0',42),
	(246,'2015-04-07 11:56:47','0',42),
	(250,'2015-04-07 13:09:03','0',42),
	(253,'2015-04-07 13:10:04','0',42),
	(256,'2015-04-07 13:11:20','0',42),
	(261,'2015-04-07 13:16:20','0',42),
	(264,'2015-04-07 13:19:19','0',57),
	(267,'2015-04-07 13:23:18','0',42),
	(268,'2015-04-07 13:23:38','0',43),
	(279,'2015-04-07 13:26:01','0',42),
	(282,'2015-04-07 13:29:46','0',42),
	(285,'2015-04-07 13:31:16','0',42),
	(288,'2015-04-07 13:33:48','0',43),
	(290,'2015-04-07 13:35:38','0',42),
	(294,'2015-04-07 13:44:05','0',42),
	(297,'2015-04-07 13:45:42','0',42),
	(300,'2015-04-07 13:49:37','0',42),
	(303,'2015-04-07 13:52:11','0',42),
	(306,'2015-04-07 13:55:46','0',42),
	(308,'2015-04-07 13:58:17','3',49),
	(309,'2015-04-07 13:58:24','0',50),
	(311,'2015-04-07 13:58:45','0',42),
	(314,'2015-04-07 13:58:59','0',57),
	(319,'2015-04-07 14:13:31','0',42),
	(358,'2015-04-07 15:04:37','0',42),
	(371,'2015-04-07 15:31:47','0',41),
	(382,'2015-04-07 15:51:06','0',41),
	(408,'2015-04-08 11:20:13','1',53),
	(409,'2015-04-08 11:20:17','1',42),
	(411,'2015-04-08 13:40:01','0',42),
	(412,'2015-04-08 13:40:22','0',42),
	(413,'2015-04-08 13:40:29','3',41),
	(414,'2015-04-08 13:41:33','0',43),
	(415,'2015-04-08 13:45:39','0',44),
	(416,'2015-04-08 13:47:20','0',45),
	(417,'2015-04-08 13:49:11','0',47),
	(418,'2015-04-08 13:59:02','0',51),
	(419,'2015-04-08 13:59:09','0',51),
	(420,'2015-04-08 13:59:30','0',51),
	(421,'2015-04-08 13:59:56','0',51),
	(424,'2015-04-08 14:00:26','0',42),
	(425,'2015-04-08 14:00:32','3',41),
	(426,'2015-04-08 14:00:48','3',49),
	(427,'2015-04-08 14:00:53','0',51),
	(430,'2015-04-08 14:19:48','3',41),
	(431,'2015-04-08 14:22:51','3',41),
	(434,'2015-04-08 14:25:35','0',41),
	(435,'2015-04-08 14:25:41','3',41),
	(437,'2015-04-09 08:55:32','0',41),
	(443,'2015-04-09 09:17:06','3',41),
	(513,'2015-04-09 10:25:29','0',41),
	(522,'2015-04-09 10:30:09','0',41),
	(535,'2015-04-09 10:35:24','0',41),
	(540,'2015-04-09 10:55:40','0',41),
	(544,'2015-04-09 11:18:21','0',41),
	(546,'2015-04-09 11:23:11','1',57),
	(559,'2015-04-10 09:53:18','0',41),
	(562,'2015-04-10 10:13:12','0',41),
	(571,'2015-04-10 11:27:28','0',42),
	(572,'2015-04-10 11:32:13','0',57),
	(594,'2015-04-13 09:10:55','0',57),
	(596,'2015-04-13 09:12:04','0',42),
	(601,'2015-04-13 09:19:24','0',57),
	(613,'2015-04-13 15:03:39','0',41),
	(652,'2015-04-13 16:35:26','1',57),
	(655,'2015-04-14 08:58:25','0',41),
	(656,'2015-04-14 10:46:55','1',57),
	(674,'2015-04-14 13:09:06','0',41),
	(675,'2015-04-14 13:09:14','0',42),
	(677,'2015-04-14 13:30:36','0',57),
	(678,'2015-04-14 13:34:23','0',57),
	(679,'2015-04-14 13:35:39','0',57),
	(682,'2015-04-14 13:49:19','0',57),
	(683,'2015-04-14 13:53:05','0',57),
	(686,'2015-04-14 14:02:45','1',57),
	(692,'2015-04-14 14:25:06','0',41),
	(721,'2015-04-14 16:12:37','1',57),
	(723,'2015-04-14 16:16:15','1',57),
	(724,'2015-04-14 16:16:36','1',57),
	(725,'2015-04-14 16:20:23','0',57),
	(749,'2015-04-15 14:58:20','0',57),
	(750,'2015-04-15 15:02:06','0',57),
	(751,'2015-04-15 15:05:52','0',57),
	(783,'2015-04-16 11:04:19','3',41),
	(785,'2015-04-16 11:09:58','3',41),
	(786,'2015-04-16 11:10:05','3',41),
	(787,'2015-04-16 11:10:31','3',41),
	(788,'2015-04-16 11:14:10','0',42),
	(789,'2015-04-16 11:17:44','3',41),
	(790,'2015-04-16 11:19:27','3',41),
	(791,'2015-04-16 11:22:51','3',41),
	(792,'2015-04-16 11:29:10','3',41),
	(799,'2015-04-16 11:48:53','0',57),
	(803,'2015-04-16 11:55:03','1',57),
	(805,'2015-04-16 13:09:32','0',57),
	(809,'2015-04-16 13:10:22','3',41),
	(812,'2015-04-16 13:15:56','0',57),
	(819,'2015-04-16 13:20:53','0',57),
	(821,'2015-04-16 13:40:16','3',41),
	(822,'2015-04-16 13:46:00','0',42),
	(823,'2015-04-16 13:46:47','3',41),
	(835,'2015-04-16 14:44:03','3',41),
	(842,'2015-04-16 15:27:08','0',57),
	(850,'2015-04-16 15:50:02','0',57),
	(854,'2015-04-16 15:59:58','0',57),
	(855,'2015-04-16 16:15:27','1',56),
	(856,'2015-04-16 16:17:26','0',56),
	(859,'2015-04-17 09:03:58','0',56),
	(871,'2015-04-17 10:15:54','3',41),
	(886,'2015-04-17 10:54:15','1',44),
	(887,'2015-04-17 10:55:58','0',44),
	(888,'2015-04-17 10:59:11','1',52),
	(889,'2015-04-17 11:00:14','1',57),
	(891,'2015-04-17 11:04:34','0',52),
	(892,'2015-04-17 13:07:30','0',44),
	(896,'2015-04-17 13:23:09','0',52),
	(897,'2015-04-17 13:33:18','0',44),
	(900,'2015-04-17 19:25:22','3',41),
	(936,'2015-04-21 08:58:08','0',41),
	(958,'2015-04-21 10:04:06','3',41),
	(964,'2015-04-21 10:22:50','0',57),
	(966,'2015-04-21 10:23:17','0',57),
	(976,'2015-04-21 11:02:43','3',41),
	(977,'2015-04-21 11:08:38','0',50),
	(978,'2015-04-21 11:08:50','0',49),
	(979,'2015-04-21 11:08:59','0',54),
	(980,'2015-04-21 11:15:06','3',49),
	(1055,'2015-04-23 10:30:58','0',41),
	(1136,'2015-04-23 15:38:47','3',41),
	(1137,'2015-04-23 15:39:29','3',41),
	(1138,'2015-04-23 15:39:29','3',41),
	(1139,'2015-04-23 15:39:30','3',41),
	(1140,'2015-04-23 15:39:30','3',41),
	(1141,'2015-04-23 15:39:31','3',41),
	(1142,'2015-04-23 15:39:31','3',41),
	(1143,'2015-04-23 15:39:32','3',41),
	(1144,'2015-04-23 15:39:32','3',41),
	(1145,'2015-04-23 15:39:33','3',41),
	(1146,'2015-04-23 15:39:33','3',41),
	(1147,'2015-04-23 15:39:34','3',41),
	(1148,'2015-04-23 15:39:34','3',41),
	(1149,'2015-04-23 15:40:51','3',41),
	(1150,'2015-04-23 15:40:51','3',41),
	(1151,'2015-04-23 15:40:51','3',41),
	(1152,'2015-04-23 15:40:52','3',41),
	(1153,'2015-04-23 15:40:52','3',41),
	(1154,'2015-04-23 15:40:52','3',41),
	(1155,'2015-04-23 15:44:39','0',41),
	(1156,'2015-04-23 15:52:43','0',41),
	(1157,'2015-04-23 16:23:13','0',41),
	(1160,'2015-04-24 15:48:34','3',41),
	(1161,'2015-04-24 15:53:18','3',41),
	(1180,'2015-04-28 13:50:05','0',41),
	(1181,'2015-04-28 13:52:45','0',41),
	(1209,'2015-04-30 16:04:17','3',41),
	(1221,'2015-05-04 16:43:12','0',41),
	(1226,'2015-05-05 11:14:32','3',41),
	(1228,'2015-05-06 10:18:39','3',41),
	(1229,'2015-05-06 11:07:05','0',41),
	(1230,'2015-05-06 11:11:34','0',41),
	(1231,'2015-05-06 11:12:08','0',41),
	(1232,'2015-05-06 13:31:34','0',41),
	(1234,'2015-05-20 11:58:55','0',183),
	(1235,'2015-05-20 13:45:35','0',171),
	(1236,'2015-05-21 09:44:24','0',171),
	(1237,'2015-05-27 14:04:11','0',171),
	(1238,'2015-05-28 15:53:09','0',171),
	(1239,'2015-05-28 15:55:00','0',171),
	(1240,'2015-05-28 15:56:11','0',171),
	(1241,'2015-06-04 09:04:30','0',169),
	(1242,'2015-06-09 14:15:35','0',171),
	(1243,'2015-06-17 14:19:02','1',171),
	(1244,'2015-06-17 14:22:05','1',173),
	(1245,'2015-06-17 14:23:28','1',173),
	(1246,'2015-06-17 14:28:05','1',173),
	(1247,'2015-06-17 14:32:23','1',171),
	(1248,'2015-06-17 14:33:25','1',173),
	(1249,'2015-06-17 14:34:39','1',173),
	(1250,'2015-06-17 14:36:17','1',173),
	(1251,'2015-06-17 14:40:29','1',171),
	(1252,'2015-06-17 14:40:43','1',171),
	(1253,'2015-06-17 14:40:56','1',171),
	(1254,'2015-06-17 14:41:10','1',171),
	(1255,'2015-06-17 14:41:24','1',173),
	(1256,'2015-06-17 14:41:38','1',173),
	(1257,'2015-06-17 14:41:52','1',171),
	(1258,'2015-06-17 14:42:10','1',171),
	(1259,'2015-06-17 14:42:13','1',171),
	(1260,'2015-06-17 14:42:25','1',171),
	(1261,'2015-06-17 14:42:38','1',173),
	(1262,'2015-06-17 14:42:52','1',173),
	(1263,'2015-06-17 15:39:11','1',171),
	(1264,'2015-06-17 15:39:24','1',171),
	(1265,'2015-06-17 15:50:39','1',173),
	(1266,'2015-06-17 15:52:33','1',173),
	(1267,'2015-06-17 15:52:46','1',173),
	(1268,'2015-06-17 15:57:05','1',173),
	(1269,'2015-06-17 15:59:34','1',171),
	(1270,'2015-06-17 16:02:32','1',171),
	(1271,'2015-06-17 16:03:46','1',173),
	(1272,'2015-06-17 16:05:30','1',173),
	(1273,'2015-06-17 16:11:44','1',173),
	(1274,'2015-06-17 16:14:06','1',171),
	(1275,'2015-06-17 16:16:43','1',173),
	(1276,'2015-06-17 16:18:57','1',171),
	(1277,'2015-06-17 16:22:07','1',171),
	(1278,'2015-06-17 16:23:55','1',173),
	(1279,'2015-06-17 16:27:16','1',171),
	(1280,'2015-06-17 16:31:51','1',173),
	(1281,'2015-06-17 16:34:07','1',173),
	(1282,'2015-06-17 16:37:18','1',171),
	(1283,'2015-06-17 16:39:39','1',173),
	(1284,'2015-06-25 09:04:35','1',171),
	(1285,'2015-06-25 10:47:37','1',171),
	(1286,'2015-06-25 13:24:49','1',171),
	(1287,'2015-06-25 13:26:35','1',171),
	(1288,'2015-06-25 13:28:33','1',171),
	(1289,'2015-06-25 13:31:21','1',171),
	(1290,'2015-06-26 09:04:26','1',173),
	(1291,'2015-06-26 09:54:20','1',171),
	(1292,'2015-06-30 13:10:35','1',173),
	(1293,'2015-06-30 13:10:35','1',173),
	(1294,'2015-06-30 13:10:36','1',173),
	(1295,'2015-06-30 13:10:36','1',173),
	(1296,'2015-06-30 13:10:36','1',173),
	(1297,'2015-06-30 13:49:39','1',173),
	(1298,'2015-06-30 13:49:39','1',173),
	(1299,'2015-06-30 13:49:39','1',173),
	(1300,'2015-06-30 13:49:39','1',173),
	(1301,'2015-06-30 13:50:05','1',171),
	(1302,'2015-06-30 13:50:05','1',171),
	(1303,'2015-06-30 13:50:06','1',171),
	(1304,'2015-06-30 13:50:06','1',171),
	(1305,'2015-06-30 13:50:52','1',171),
	(1306,'2015-06-30 13:50:52','1',171),
	(1307,'2015-06-30 13:50:52','1',171),
	(1308,'2015-06-30 13:50:52','1',171),
	(1309,'2015-06-30 13:59:49','1',173),
	(1310,'2015-06-30 13:59:49','1',173),
	(1311,'2015-06-30 13:59:49','1',173),
	(1312,'2015-06-30 13:59:49','1',173),
	(1313,'2015-06-30 13:59:50','1',173),
	(1314,'2015-06-30 14:17:25','1',173),
	(1315,'2015-06-30 14:17:25','1',173),
	(1316,'2015-06-30 14:17:26','1',173),
	(1317,'2015-06-30 14:17:26','1',173),
	(1318,'2015-06-30 14:17:26','1',173),
	(1319,'2015-06-30 14:20:25','1',171),
	(1320,'2015-06-30 14:20:25','1',171),
	(1321,'2015-06-30 14:20:25','1',171),
	(1322,'2015-06-30 14:20:25','1',171),
	(1323,'2015-06-30 14:20:25','1',171),
	(1324,'2015-06-30 14:32:18','1',171),
	(1325,'2015-06-30 14:34:43','1',171),
	(1326,'2015-06-30 14:47:03','1',173),
	(1327,'2015-06-30 15:01:44','1',171),
	(1328,'2015-06-30 15:03:34','1',173),
	(1329,'2015-07-01 13:32:25','1',171),
	(1330,'2015-07-01 13:34:15','1',173),
	(1331,'2015-07-01 13:37:54','1',171),
	(1332,'2015-07-01 13:38:47','1',173),
	(1333,'2015-07-01 13:39:53','1',171),
	(1334,'2015-07-01 13:44:27','1',173),
	(1335,'2015-07-01 13:54:59','1',171),
	(1336,'2015-07-01 13:59:07','1',171),
	(1337,'2015-07-01 14:00:52','1',173),
	(1338,'2015-07-01 14:05:56','1',171),
	(1339,'2015-07-01 14:13:58','1',173),
	(1340,'2015-07-01 14:15:37','1',173),
	(1341,'2015-07-01 14:51:40','1',171),
	(1342,'2015-07-01 15:13:31','1',173),
	(1343,'2015-07-06 09:38:12','0',173),
	(1344,'2015-07-06 10:36:37','1',173),
	(1345,'2015-07-06 10:48:17','1',171),
	(1346,'2015-07-06 10:52:20','1',173),
	(1347,'2015-07-06 10:53:15','1',171),
	(1348,'2015-07-06 11:00:14','1',173),
	(1349,'2015-07-06 11:06:09','1',173),
	(1350,'2015-07-06 11:27:28','1',173),
	(1351,'2015-07-06 11:32:18','1',171),
	(1352,'2015-07-16 14:59:26','1',173),
	(1353,'2015-07-16 14:59:27','1',173),
	(1354,'2015-07-16 14:59:27','1',173),
	(1355,'2015-07-16 14:59:27','1',173),
	(1356,'2015-07-16 14:59:27','1',173),
	(1357,'2015-07-16 15:00:51','1',173),
	(1358,'2015-07-16 15:01:24','1',173),
	(1359,'2015-07-16 15:01:55','1',173),
	(1360,'2015-07-16 15:16:13','1',171),
	(1361,'2015-07-16 15:23:10','1',171),
	(1362,'2015-07-16 15:28:14','1',171),
	(1363,'2015-07-16 15:28:30','1',171),
	(1364,'2015-07-16 15:29:05','1',171),
	(1365,'2015-07-16 15:31:47','1',173),
	(1366,'2015-07-16 15:41:23','1',171),
	(1367,'2015-07-16 15:41:44','1',171),
	(1368,'2015-07-16 21:24:39','1',171),
	(1369,'2015-07-17 10:13:57','1',171),
	(1370,'2015-07-17 10:16:05','1',171),
	(1371,'2015-07-17 10:16:37','1',171),
	(1372,'2015-07-17 10:24:36','1',173),
	(1373,'2015-07-17 11:02:08','4',171),
	(1374,'2015-07-17 11:02:41','4',171),
	(1375,'2015-07-17 11:03:13','4',171),
	(1376,'2015-07-17 11:13:38','1',173),
	(1377,'2015-07-17 11:22:00','1',173),
	(1378,'2015-07-17 11:23:51','1',173),
	(1379,'2015-07-17 11:55:43','0',173),
	(1380,'2015-07-17 11:59:44','1',173),
	(1381,'2015-07-17 15:44:54','1',171),
	(1382,'2015-07-17 15:46:16','1',171),
	(1383,'2015-07-20 09:06:06','1',171),
	(1384,'2015-07-20 09:07:56','1',173),
	(1385,'2015-07-20 09:09:42','1',173),
	(1386,'2015-07-20 09:13:22','1',173),
	(1387,'2015-07-20 09:15:44','1',171),
	(1388,'2015-07-20 09:20:02','1',175),
	(1389,'2015-07-20 09:20:57','1',171),
	(1390,'2015-07-20 09:23:01','1',175),
	(1391,'2015-07-20 09:23:33','1',175),
	(1392,'2015-07-20 09:30:58','1',171),
	(1393,'2015-07-20 09:52:09','1',171),
	(1394,'2015-07-20 09:57:27','1',179),
	(1395,'2015-07-20 10:00:41','1',179),
	(1396,'2015-07-20 10:03:41','1',173),
	(1397,'2015-07-20 10:04:14','1',173),
	(1398,'2015-07-20 10:10:41','1',169),
	(1399,'2015-07-20 10:11:12','1',169),
	(1400,'2015-07-20 10:15:35','1',175),
	(1401,'2015-07-20 10:20:02','1',183),
	(1402,'2015-07-20 10:22:19','1',179),
	(1403,'2015-07-20 10:23:46','1',169),
	(1404,'2015-07-20 10:25:50','1',171),
	(1405,'2015-07-20 10:27:25','1',179),
	(1406,'2015-07-20 10:29:58','1',183),
	(1407,'2015-07-20 10:32:25','1',171),
	(1408,'2015-07-20 10:32:56','1',171),
	(1409,'2015-07-20 10:33:28','1',171),
	(1410,'2015-07-20 10:34:01','1',171),
	(1411,'2015-07-20 10:41:33','1',175),
	(1412,'2015-07-20 10:42:05','1',175),
	(1413,'2015-07-20 10:42:37','1',175),
	(1414,'2015-07-20 10:43:08','1',175),
	(1415,'2015-07-20 10:50:51','1',175),
	(1416,'2015-07-20 10:52:06','1',169),
	(1417,'2015-07-20 10:54:49','1',175),
	(1418,'2015-07-20 10:55:21','1',175),
	(1419,'2015-07-20 10:55:53','1',175),
	(1420,'2015-07-20 11:32:44','1',183),
	(1421,'2015-07-20 11:35:07','1',179),
	(1422,'2015-07-20 11:35:58','1',183),
	(1423,'2015-07-20 11:36:48','1',175),
	(1424,'2015-07-20 11:38:51','1',183),
	(1425,'2015-07-20 11:46:51','1',175),
	(1426,'2015-07-20 11:55:38','1',179),
	(1427,'2015-07-20 13:00:28','1',171),
	(1428,'2015-07-20 13:14:17','1',175),
	(1429,'2015-07-20 13:17:04','1',171),
	(1430,'2015-07-20 13:17:36','1',171),
	(1431,'2015-07-21 09:24:55','1',173),
	(1432,'2015-07-21 09:33:26','1',175),
	(1433,'2015-07-21 09:33:58','1',175),
	(1434,'2015-07-21 09:44:43','1',173),
	(1435,'2015-07-21 09:45:15','1',173),
	(1436,'2015-07-21 09:49:45','1',169),
	(1437,'2015-07-21 09:50:17','1',169),
	(1438,'2015-07-21 10:07:38','1',183),
	(1439,'2015-07-21 10:16:12','1',183),
	(1440,'2015-07-21 10:29:18','1',183),
	(1441,'2015-07-21 10:33:13','1',175),
	(1442,'2015-07-21 10:49:01','1',183),
	(1443,'2015-07-21 10:49:33','1',183),
	(1444,'2015-07-21 10:54:16','1',171),
	(1445,'2015-07-21 11:03:28','1',171),
	(1446,'2015-07-21 11:04:00','1',171),
	(1447,'2015-07-21 11:05:21','1',171),
	(1448,'2015-07-21 11:28:14','1',171),
	(1449,'2015-07-21 11:28:46','1',171),
	(1450,'2015-07-21 11:29:19','1',171),
	(1451,'2015-07-21 11:29:51','1',171),
	(1452,'2015-07-21 11:30:23','1',171),
	(1453,'2015-07-21 11:30:55','1',171),
	(1454,'2015-07-21 11:31:26','1',171),
	(1455,'2015-07-21 11:35:26','1',171),
	(1456,'2015-07-21 11:48:53','1',169),
	(1457,'2015-07-21 11:50:31','1',179),
	(1458,'2015-07-21 12:00:23','1',183),
	(1459,'2015-07-21 12:00:44','1',179),
	(1460,'2015-07-21 12:07:06','1',175),
	(1461,'2015-07-21 13:40:54','1',173),
	(1462,'2015-07-21 14:43:50','1',181),
	(1463,'2015-07-21 14:52:13','1',175),
	(1464,'2015-07-21 15:04:21','1',173),
	(1465,'2015-07-21 15:28:36','1',171),
	(1466,'2015-07-21 16:14:51','1',169),
	(1467,'2015-07-22 09:33:16','1',179),
	(1468,'2015-07-22 09:33:49','1',179),
	(1469,'2015-07-22 09:37:26','1',173),
	(1470,'2015-07-22 09:37:57','1',173),
	(1471,'2015-07-22 09:46:01','1',179),
	(1472,'2015-07-22 09:55:08','1',169),
	(1473,'2015-07-22 10:08:14','1',179),
	(1474,'2015-07-22 10:11:59','1',173),
	(1475,'2015-07-22 10:12:34','1',173),
	(1476,'2015-07-22 10:38:23','1',169),
	(1477,'2015-07-22 11:00:37','1',179),
	(1478,'2015-07-22 11:01:08','1',179),
	(1479,'2015-07-22 11:03:37','1',179),
	(1480,'2015-07-22 11:06:24','1',171),
	(1481,'2015-07-22 11:09:27','1',183),
	(1482,'2015-07-22 11:10:45','1',171),
	(1483,'2015-07-22 11:14:47','1',173),
	(1484,'2015-07-22 11:18:10','1',183),
	(1485,'2015-07-22 11:20:01','1',169),
	(1486,'2015-07-22 11:21:51','1',169),
	(1487,'2015-07-22 11:23:09','1',183),
	(1488,'2015-07-22 11:25:33','1',175),
	(1489,'2015-07-22 11:27:24','1',175),
	(1490,'2015-07-22 11:28:06','1',175),
	(1491,'2015-07-22 11:32:57','1',179),
	(1492,'2015-07-22 11:33:35','1',179),
	(1493,'2015-07-22 11:43:56','1',179),
	(1494,'2015-07-22 11:44:55','1',179),
	(1495,'2015-07-22 11:45:26','1',179),
	(1496,'2015-07-22 11:53:43','1',169),
	(1497,'2015-07-22 11:54:19','1',169),
	(1498,'2015-07-22 12:53:28','1',175),
	(1499,'2015-07-22 12:54:01','1',175),
	(1500,'2015-07-22 12:56:12','1',171),
	(1501,'2015-07-22 12:56:44','1',171),
	(1502,'2015-07-22 12:57:16','1',171),
	(1503,'2015-07-22 12:57:48','1',171),
	(1504,'2015-07-22 13:17:18','1',171),
	(1505,'2015-07-22 13:20:01','1',175),
	(1506,'2015-07-22 13:25:00','1',169),
	(1507,'2015-07-22 13:27:33','1',173),
	(1508,'2015-07-22 13:29:17','1',173),
	(1509,'2015-07-22 13:32:50','1',169),
	(1510,'2015-07-22 13:36:24','1',183),
	(1511,'2015-07-22 13:37:30','1',169),
	(1512,'2015-07-22 13:39:24','1',175),
	(1513,'2015-07-22 13:45:36','1',179),
	(1514,'2015-07-22 13:49:44','1',183),
	(1515,'2015-07-22 13:52:37','1',171),
	(1516,'2015-07-22 13:55:25','1',183),
	(1517,'2015-07-22 14:01:20','1',169),
	(1518,'2015-07-22 14:08:45','1',171),
	(1519,'2015-07-22 14:09:21','1',173),
	(1520,'2015-07-22 14:12:45','1',171),
	(1521,'2015-07-22 14:15:08','1',183),
	(1522,'2015-07-22 14:15:25','1',183),
	(1523,'2015-07-22 14:15:57','1',183),
	(1524,'2015-07-22 14:16:13','1',183),
	(1525,'2015-07-22 14:20:43','1',169),
	(1526,'2015-07-22 14:21:08','1',169),
	(1527,'2015-07-22 14:22:44','1',169),
	(1528,'2015-07-22 14:23:16','1',169),
	(1529,'2015-07-22 14:24:10','1',169),
	(1530,'2015-07-22 14:24:20','1',169),
	(1531,'2015-07-22 14:30:51','1',173),
	(1532,'2015-07-22 14:33:24','1',175),
	(1533,'2015-07-22 14:36:43','1',171),
	(1534,'2015-07-22 14:36:55','1',171),
	(1535,'2015-07-22 14:39:51','1',171),
	(1536,'2015-07-22 14:40:02','1',171),
	(1537,'2015-07-22 14:43:46','1',171),
	(1538,'2015-07-22 15:27:55','1',179),
	(1539,'2015-07-22 15:31:16','0',179),
	(1540,'2015-07-22 15:32:21','0',179),
	(1541,'2015-07-22 15:33:19','0',171),
	(1542,'2015-07-22 15:34:37','0',171),
	(1543,'2015-07-22 15:36:40','0',171),
	(1544,'2015-07-22 15:39:26','0',171),
	(1545,'2015-07-22 15:47:18','0',179),
	(1546,'2015-07-22 15:50:55','0',179),
	(1547,'2015-07-22 15:51:14','0',171),
	(1548,'2015-07-22 15:55:13','0',179),
	(1549,'2015-07-22 15:57:46','1',42),
	(1550,'2015-07-22 16:02:32','0',179),
	(1551,'2015-07-22 16:04:43','0',171),
	(1552,'2015-07-22 16:08:33','0',171),
	(1553,'2015-07-22 16:33:48','1',179),
	(1554,'2015-07-23 09:33:25','0',179),
	(1555,'2015-07-23 09:34:36','0',179),
	(1556,'2015-07-23 09:36:32','1',169),
	(1557,'2015-07-23 09:42:42','1',175),
	(1558,'2015-07-23 09:51:28','0',175),
	(1559,'2015-07-23 09:52:41','0',175),
	(1560,'2015-07-23 09:56:38','0',179),
	(1561,'2015-07-23 14:09:32','0',169),
	(1562,'2015-07-23 14:12:56','1',171),
	(1563,'2015-07-23 14:14:46','1',169),
	(1564,'2015-07-23 14:15:13','1',169),
	(1565,'2015-07-28 14:19:42','1',179),
	(1566,'2015-07-31 15:57:38','1',171),
	(1567,'2015-07-31 16:05:11','1',169),
	(1568,'2015-09-10 09:01:18','1',181),
	(1569,'2015-11-09 19:23:49','1',177),
	(1570,'2015-11-09 22:47:57','1',177),
	(1571,'2015-11-09 22:51:18','0',169),
	(1572,'2015-11-09 22:52:08','1',177),
	(1573,'2015-11-09 22:52:41','1',175),
	(1574,'2015-11-10 14:30:37','1',177);

/*!40000 ALTER TABLE `ecoute` ENABLE KEYS */;
UNLOCK TABLES;


# Dump of table ext_log_entries
# ------------------------------------------------------------

DROP TABLE IF EXISTS `ext_log_entries`;

CREATE TABLE `ext_log_entries` (
  `id` int(11) NOT NULL AUTO_INCREMENT,
  `action` varchar(8) COLLATE utf8_unicode_ci NOT NULL,
  `logged_at` datetime NOT NULL,
  `object_id` varchar(64) COLLATE utf8_unicode_ci DEFAULT NULL,
  `object_class` varchar(255) COLLATE utf8_unicode_ci NOT NULL,
  `version` int(11) NOT NULL,
  `data` longtext COLLATE utf8_unicode_ci COMMENT '(DC2Type:array)',
  `username` varchar(255) COLLATE utf8_unicode_ci DEFAULT NULL,
  PRIMARY KEY (`id`),
  KEY `log_class_lookup_idx` (`object_class`),
  KEY `log_date_lookup_idx` (`logged_at`),
  KEY `log_user_lookup_idx` (`username`),
  KEY `log_version_lookup_idx` (`object_id`,`object_class`,`version`)
) ENGINE=InnoDB DEFAULT CHARSET=utf8 COLLATE=utf8_unicode_ci;



# Dump of table ext_translations
# ------------------------------------------------------------

DROP TABLE IF EXISTS `ext_translations`;

CREATE TABLE `ext_translations` (
  `id` int(11) NOT NULL AUTO_INCREMENT,
  `locale` varchar(8) COLLATE utf8_unicode_ci NOT NULL,
  `object_class` varchar(255) COLLATE utf8_unicode_ci NOT NULL,
  `field` varchar(32) COLLATE utf8_unicode_ci NOT NULL,
  `foreign_key` varchar(64) COLLATE utf8_unicode_ci NOT NULL,
  `content` longtext COLLATE utf8_unicode_ci,
  PRIMARY KEY (`id`),
  UNIQUE KEY `lookup_unique_idx` (`locale`,`object_class`,`field`,`foreign_key`),
  KEY `translations_lookup_idx` (`locale`,`object_class`,`foreign_key`)
) ENGINE=InnoDB DEFAULT CHARSET=utf8 COLLATE=utf8_unicode_ci;



# Dump of table fos_user
# ------------------------------------------------------------

DROP TABLE IF EXISTS `fos_user`;

CREATE TABLE `fos_user` (
  `id` int(11) NOT NULL AUTO_INCREMENT,
  `username` varchar(255) COLLATE utf8_unicode_ci NOT NULL,
  `username_canonical` varchar(255) COLLATE utf8_unicode_ci NOT NULL,
  `email` varchar(255) COLLATE utf8_unicode_ci NOT NULL,
  `email_canonical` varchar(255) COLLATE utf8_unicode_ci NOT NULL,
  `enabled` tinyint(1) NOT NULL,
  `salt` varchar(255) COLLATE utf8_unicode_ci NOT NULL,
  `password` varchar(255) COLLATE utf8_unicode_ci NOT NULL,
  `last_login` datetime DEFAULT NULL,
  `locked` tinyint(1) NOT NULL,
  `expired` tinyint(1) NOT NULL,
  `expires_at` datetime DEFAULT NULL,
  `confirmation_token` varchar(255) COLLATE utf8_unicode_ci DEFAULT NULL,
  `password_requested_at` datetime DEFAULT NULL,
  `roles` longtext COLLATE utf8_unicode_ci NOT NULL COMMENT '(DC2Type:array)',
  `credentials_expired` tinyint(1) NOT NULL,
  `credentials_expire_at` datetime DEFAULT NULL,
  PRIMARY KEY (`id`),
  UNIQUE KEY `UNIQ_957A647992FC23A8` (`username_canonical`),
  UNIQUE KEY `UNIQ_957A6479A0D96FBF` (`email_canonical`)
) ENGINE=InnoDB DEFAULT CHARSET=utf8 COLLATE=utf8_unicode_ci;

LOCK TABLES `fos_user` WRITE;
/*!40000 ALTER TABLE `fos_user` DISABLE KEYS */;

INSERT INTO `fos_user` (`id`, `username`, `username_canonical`, `email`, `email_canonical`, `enabled`, `salt`, `password`, `last_login`, `locked`, `expired`, `expires_at`, `confirmation_token`, `password_requested_at`, `roles`, `credentials_expired`, `credentials_expire_at`)
VALUES
	(1,'elise','elise','tchii2','tchii2',0,'43xg8i2hdyiokgkgkkw8o40gcs0wgws','f3LFKcKd4Pwohm9e+fXeTQkvlDcCeE/N/lmyziE2yYKt9CrPRhq+koqWOor3YmRI/z4ClT6263/lSqqqrXhi5Q==',NULL,0,0,NULL,NULL,NULL,'a:1:{i:0;s:0:\"\";}',0,NULL),
	(2,'Myriam','myriam','myriam@myriam.fr','myriam@myriam.fr',0,'dbbhu30p9nkkkk0w0c00cggw44g8sk4','/6vNKuWI2zIWs15OxIYMu81gvM4bMU3J9nKxbegueUCYYvaYBzv3W5akzrdUyQAHd5hNcbErxk094/WF8+hbDQ==',NULL,0,0,NULL,NULL,NULL,'a:1:{i:0;s:0:\"\";}',0,NULL),
	(3,'toto','toto','toto@toto.fr','toto@toto.fr',0,'gulpt72omq88wo8gsw488ooc0sw0gss','KsTO24BoeDpkBU/muCoi2xWB50fnONkC42dLpeqLBDPInsEtJStlraOrIM+5gKSrcZwORdM46pmTyGqb++LcPA==',NULL,0,0,NULL,NULL,NULL,'a:1:{i:0;s:0:\"\";}',0,NULL),
	(4,'adminuser','adminuser','admin@admin','admin@admin',1,'370mrh1c834040cggkks48cgwgkoogk','tvGiCyEw2nNaJqLmaZq3eYJ88W/jFPtWxTIg4ZvkIifV7jZQ/9P4M7yHS7Bt5Zp+Uy2U3JyO6gpl0bh/q28y1g==',NULL,0,0,NULL,NULL,NULL,'a:1:{i:0;s:16:\"ROLE_SUPER_ADMIN\";}',0,NULL),
	(5,'tutu','tutu','tutu','tutu',0,'gulpt72omq88wo8gsw488ooc0sw0gss','KsTO24BoeDpkBU/muCoi2xWB50fnONkC42dLpeqLBDPInsEtJStlraOrIM+5gKSrcZwORdM46pmTyGqb++LcPA==',NULL,0,0,NULL,NULL,NULL,'a:1:{i:0;s:0:\"\";}',0,NULL);

/*!40000 ALTER TABLE `fos_user` ENABLE KEYS */;
UNLOCK TABLES;


# Dump of table genre
# ------------------------------------------------------------

DROP TABLE IF EXISTS `genre`;

CREATE TABLE `genre` (
  `id` int(11) NOT NULL AUTO_INCREMENT,
  `libelle` varchar(25) COLLATE utf8_unicode_ci NOT NULL,
  `urlCover` varchar(256) COLLATE utf8_unicode_ci DEFAULT NULL,
  PRIMARY KEY (`id`)
) ENGINE=InnoDB DEFAULT CHARSET=utf8 COLLATE=utf8_unicode_ci;

LOCK TABLES `genre` WRITE;
/*!40000 ALTER TABLE `genre` DISABLE KEYS */;

INSERT INTO `genre` (`id`, `libelle`, `urlCover`)
VALUES
	(202,'underground rap','http://img2-ak.lst.fm/i/u/300x300/feced211198a43209d5be85bd5dd87ee.png'),
	(203,'rap','http://img2-ak.lst.fm/i/u/300x300/feced211198a43209d5be85bd5dd87ee.png'),
	(204,'soul music','http://img2-ak.lst.fm/i/u/300x300/feced211198a43209d5be85bd5dd87ee.png'),
	(205,'jazz pop','http://img2-ak.lst.fm/i/u/300x300/b6e89490f2b84c51b341b24dd71fac1c.png'),
	(206,'vocal jazz','http://img2-ak.lst.fm/i/u/300x300/b6e89490f2b84c51b341b24dd71fac1c.png'),
	(207,'bebop','http://img2-ak.lst.fm/i/u/300x300/b6e89490f2b84c51b341b24dd71fac1c.png'),
	(208,'new age','http://img2-ak.lst.fm/i/u/300x300/b6e89490f2b84c51b341b24dd71fac1c.png'),
	(209,'swing','http://img2-ak.lst.fm/i/u/300x300/b6e89490f2b84c51b341b24dd71fac1c.png'),
	(210,'country','http://img2-ak.lst.fm/i/u/300x300/b6e89490f2b84c51b341b24dd71fac1c.png'),
	(211,'70s','http://img2-ak.lst.fm/i/u/300x300/4eaf60f12d7c41fc81eeedaec45c041b.png'),
	(212,'acid rock','http://img2-ak.lst.fm/i/u/300x300/4eaf60f12d7c41fc81eeedaec45c041b.png'),
	(213,'60s','http://img2-ak.lst.fm/i/u/300x300/4eaf60f12d7c41fc81eeedaec45c041b.png'),
	(214,'rock \'n roll','http://img2-ak.lst.fm/i/u/300x300/4eaf60f12d7c41fc81eeedaec45c041b.png'),
	(215,'british psychedelia','http://img2-ak.lst.fm/i/u/300x300/4eaf60f12d7c41fc81eeedaec45c041b.png'),
	(216,'british blues','http://img2-ak.lst.fm/i/u/300x300/4eaf60f12d7c41fc81eeedaec45c041b.png'),
	(217,'samba rock','http://img2-ak.lst.fm/i/u/300x300/a938b8239766423698778108f67d7ee6.png'),
	(218,'brazilian music','http://img2-ak.lst.fm/i/u/300x300/a938b8239766423698778108f67d7ee6.png'),
	(219,'latin jazz','http://img2-ak.lst.fm/i/u/300x300/a938b8239766423698778108f67d7ee6.png'),
	(220,'latin pop','http://img2-ak.lst.fm/i/u/300x300/a938b8239766423698778108f67d7ee6.png'),
	(221,'latin','http://img2-ak.lst.fm/i/u/300x300/a938b8239766423698778108f67d7ee6.png'),
	(222,'arena rock','http://img2-ak.lst.fm/i/u/300x300/863a2e6560b843d5b482f10000e444b3.png'),
	(223,'folk rock','http://img2-ak.lst.fm/i/u/300x300/863a2e6560b843d5b482f10000e444b3.png'),
	(224,'album rock','http://img2-ak.lst.fm/i/u/300x300/6596f75e0787418784839d33b9bbd004.png'),
	(225,'new jack swing','http://img2-ak.lst.fm/i/u/300x300/ff583f524d2a4e4da14c516d0935e928.png'),
	(226,'motown','http://img2-ak.lst.fm/i/u/300x300/ff583f524d2a4e4da14c516d0935e928.png'),
	(227,'50s','http://img2-ak.lst.fm/i/u/300x300/eb68f0903ca046b48f849051c9d6d748.png'),
	(228,'soul jazz','http://img2-ak.lst.fm/i/u/300x300/eb68f0903ca046b48f849051c9d6d748.png'),
	(229,'space rock','http://img2-ak.lst.fm/i/u/300x300/c681346cab004271861c9ec9f132de18.png'),
	(230,'british invasion','http://img2-ak.lst.fm/i/u/300x300/c681346cab004271861c9ec9f132de18.png'),
	(231,'swedish melodic death met','http://img2-ak.lst.fm/i/u/300x300/45c7a839cdea4dd18e5fa59f755f93c3.png'),
	(232,'modern melodic death meta','http://img2-ak.lst.fm/i/u/300x300/45c7a839cdea4dd18e5fa59f755f93c3.png'),
	(233,'pop','http://img2-ak.lst.fm/i/u/300x300/f4170eae4d3147c1942b3c4b38283ab3.png'),
	(234,'r&b','http://img2-ak.lst.fm/i/u/300x300/f4170eae4d3147c1942b3c4b38283ab3.png'),
	(235,'dance','http://img2-ak.lst.fm/i/u/300x300/f4170eae4d3147c1942b3c4b38283ab3.png'),
	(236,'reggae','http://img2-ak.lst.fm/i/u/300x300/f4170eae4d3147c1942b3c4b38283ab3.png'),
	(237,'dance pop','http://img2-ak.lst.fm/i/u/300x300/f4170eae4d3147c1942b3c4b38283ab3.png'),
	(238,'hip hop','http://img2-ak.lst.fm/i/u/300x300/f4170eae4d3147c1942b3c4b38283ab3.png'),
	(239,'dancehall','http://img2-ak.lst.fm/i/u/300x300/f4170eae4d3147c1942b3c4b38283ab3.png'),
	(240,'rock','http://img2-ak.lst.fm/i/u/300x300/bd7cafc9d9ef4b2acba3f9a9290e0a53.png'),
	(241,'pop rock','http://img2-ak.lst.fm/i/u/300x300/bd7cafc9d9ef4b2acba3f9a9290e0a53.png'),
	(242,'electropop','http://img2-ak.lst.fm/i/u/300x300/bd7cafc9d9ef4b2acba3f9a9290e0a53.png'),
	(243,'disco','http://img2-ak.lst.fm/i/u/300x300/bd7cafc9d9ef4b2acba3f9a9290e0a53.png');

/*!40000 ALTER TABLE `genre` ENABLE KEYS */;
UNLOCK TABLES;


# Dump of table groupe
# ------------------------------------------------------------

DROP TABLE IF EXISTS `groupe`;

CREATE TABLE `groupe` (
  `id` int(11) NOT NULL AUTO_INCREMENT,
  `numero` int(11) NOT NULL,
  `idTest` int(11) DEFAULT NULL,
  PRIMARY KEY (`id`),
  KEY `idTest` (`idTest`),
  CONSTRAINT `groupe_ibfk_1` FOREIGN KEY (`idTest`) REFERENCES `test` (`id`) ON DELETE CASCADE
) ENGINE=InnoDB DEFAULT CHARSET=latin1;

LOCK TABLES `groupe` WRITE;
/*!40000 ALTER TABLE `groupe` DISABLE KEYS */;

INSERT INTO `groupe` (`id`, `numero`, `idTest`)
VALUES
	(23,1,39),
	(24,2,39),
	(25,1,40),
	(26,1,41),
	(27,1,42),
	(28,1,44),
	(29,2,44),
	(30,1,45),
	(31,2,45),
	(32,1,46),
	(33,2,46),
	(34,1,47),
	(35,2,47),
	(36,1,48),
	(74,1,88),
	(75,1,89),
	(76,2,89),
	(77,1,90),
	(78,2,90),
	(79,1,91),
	(80,2,91),
	(81,1,92),
	(82,1,93),
	(83,1,94),
	(84,1,95),
	(85,1,96),
	(86,1,97),
	(87,2,97),
	(88,1,98),
	(89,1,99),
	(90,2,99),
	(91,1,100);

/*!40000 ALTER TABLE `groupe` ENABLE KEYS */;
UNLOCK TABLES;


# Dump of table groupealgo
# ------------------------------------------------------------

DROP TABLE IF EXISTS `groupealgo`;

CREATE TABLE `groupealgo` (
  `idGroupe` int(11) NOT NULL,
  `idAlgorithme` int(11) NOT NULL,
  KEY `idGroupe` (`idGroupe`),
  KEY `idAlgorithme` (`idAlgorithme`),
  CONSTRAINT `groupealgo_ibfk_1` FOREIGN KEY (`idGroupe`) REFERENCES `groupe` (`id`) ON DELETE CASCADE,
  CONSTRAINT `groupealgo_ibfk_2` FOREIGN KEY (`idAlgorithme`) REFERENCES `algorithm` (`id`) ON DELETE CASCADE
) ENGINE=InnoDB DEFAULT CHARSET=latin1;

LOCK TABLES `groupealgo` WRITE;
/*!40000 ALTER TABLE `groupealgo` DISABLE KEYS */;

INSERT INTO `groupealgo` (`idGroupe`, `idAlgorithme`)
VALUES
	(23,3),
	(24,3),
	(25,3),
	(26,3),
	(28,3),
	(30,3),
	(32,3),
	(34,3),
	(35,7),
	(36,3),
	(36,7),
	(36,8),
	(74,3),
	(74,7),
	(74,8),
	(75,3),
	(76,8),
	(77,3),
	(78,7),
	(79,3),
	(80,7),
	(81,7),
	(81,3),
	(81,8),
	(82,7),
	(82,3),
	(82,8),
	(83,7),
	(83,3),
	(83,8),
	(84,7),
	(84,3),
	(84,8),
	(85,7),
	(85,3),
	(85,8),
	(86,3),
	(87,7),
	(88,3),
	(88,7),
	(88,8),
	(89,3),
	(90,9),
	(91,3),
	(91,7),
	(91,8);

/*!40000 ALTER TABLE `groupealgo` ENABLE KEYS */;
UNLOCK TABLES;


# Dump of table groupeutilisateur
# ------------------------------------------------------------

DROP TABLE IF EXISTS `groupeutilisateur`;

CREATE TABLE `groupeutilisateur` (
  `idGroupe` int(11) NOT NULL,
  `idUtilisateur` int(11) NOT NULL,
  KEY `idGroupe` (`idGroupe`),
  KEY `idUtilisateur` (`idUtilisateur`),
  CONSTRAINT `groupeutilisateur_ibfk_1` FOREIGN KEY (`idGroupe`) REFERENCES `groupe` (`id`) ON DELETE CASCADE,
  CONSTRAINT `groupeutilisateur_ibfk_2` FOREIGN KEY (`idUtilisateur`) REFERENCES `utilisateur` (`id`) ON DELETE CASCADE
) ENGINE=InnoDB DEFAULT CHARSET=latin1;

LOCK TABLES `groupeutilisateur` WRITE;
/*!40000 ALTER TABLE `groupeutilisateur` DISABLE KEYS */;

INSERT INTO `groupeutilisateur` (`idGroupe`, `idUtilisateur`)
VALUES
	(23,1),
	(24,2),
	(24,3),
	(25,1),
	(25,2),
	(25,3),
	(26,1),
	(26,2),
	(26,3),
	(27,1),
	(27,2),
	(27,3),
	(28,1),
	(28,3),
	(29,2),
	(29,4),
	(30,2),
	(30,4),
	(31,1),
	(31,3),
	(32,1),
	(32,2),
	(33,3),
	(33,4),
	(34,2),
	(34,3),
	(35,1),
	(35,4),
	(36,1),
	(36,2),
	(36,3),
	(36,4),
	(74,1),
	(74,2),
	(74,3),
	(74,4),
	(75,3),
	(75,4),
	(76,1),
	(76,2),
	(77,3),
	(77,4),
	(78,1),
	(78,2),
	(79,1),
	(79,2),
	(80,3),
	(80,4),
	(81,1),
	(81,2),
	(81,3),
	(81,4),
	(82,1),
	(82,2),
	(82,3),
	(82,4),
	(83,1),
	(83,2),
	(83,3),
	(83,4),
	(84,1),
	(84,2),
	(84,3),
	(84,4),
	(85,1),
	(85,2),
	(85,3),
	(85,4),
	(86,1),
	(86,2),
	(87,3),
	(87,4),
	(88,1),
	(88,2),
	(88,3),
	(88,4),
	(89,1),
	(89,2),
	(90,3),
	(90,4),
	(91,1),
	(91,2),
	(91,3),
	(91,4);

/*!40000 ALTER TABLE `groupeutilisateur` ENABLE KEYS */;
UNLOCK TABLES;


# Dump of table interactions
# ------------------------------------------------------------

DROP TABLE IF EXISTS `interactions`;

CREATE TABLE `interactions` (
  `id` int(11) NOT NULL AUTO_INCREMENT,
  `dateHeure` datetime NOT NULL,
  `idTypeInteraction` int(11) DEFAULT NULL,
  `idEcoute` int(11) DEFAULT NULL,
  PRIMARY KEY (`id`),
  KEY `IDX_538B74BDA6838A3A` (`idTypeInteraction`),
  KEY `IDX_538B74BD138CFE86` (`idEcoute`),
  CONSTRAINT `FK_538B74BD138CFE86` FOREIGN KEY (`idEcoute`) REFERENCES `ecoute` (`id`) ON DELETE CASCADE,
  CONSTRAINT `FK_538B74BDA6838A3A` FOREIGN KEY (`idTypeInteraction`) REFERENCES `typeinteraction` (`id`)
) ENGINE=InnoDB DEFAULT CHARSET=utf8 COLLATE=utf8_unicode_ci;

LOCK TABLES `interactions` WRITE;
/*!40000 ALTER TABLE `interactions` DISABLE KEYS */;

INSERT INTO `interactions` (`id`, `dateHeure`, `idTypeInteraction`, `idEcoute`)
VALUES
	(25,'2015-04-01 09:10:24',3,23),
	(26,'2015-04-01 09:12:00',5,23),
	(33,'2015-04-01 10:16:47',2,30),
	(50,'2015-04-01 14:34:59',3,62),
	(51,'2015-04-01 14:35:36',3,66),
	(58,'2015-04-02 14:44:14',3,77),
	(66,'2015-04-02 15:43:46',3,97),
	(67,'2015-04-02 15:44:24',4,97),
	(74,'2015-04-02 15:51:17',3,113),
	(75,'2015-04-02 15:51:27',4,113),
	(80,'2015-04-02 16:17:49',3,120),
	(85,'2015-04-02 16:43:07',3,128),
	(115,'2015-04-07 10:21:40',3,177),
	(117,'2015-04-07 10:24:25',3,181),
	(118,'2015-04-07 10:24:31',4,181),
	(122,'2015-04-07 10:29:12',3,188),
	(136,'2015-04-07 11:46:32',3,233),
	(137,'2015-04-07 11:49:17',3,236),
	(138,'2015-04-07 11:50:24',3,238),
	(141,'2015-04-07 11:56:57',3,246),
	(156,'2015-04-07 13:29:49',3,282),
	(157,'2015-04-07 13:29:49',4,282),
	(158,'2015-04-07 13:29:52',3,282),
	(159,'2015-04-07 13:29:53',4,282),
	(162,'2015-04-07 13:34:07',3,288),
	(180,'2015-04-07 15:04:39',3,358),
	(184,'2015-04-07 15:51:12',3,382),
	(192,'2015-04-08 13:41:40',3,414),
	(193,'2015-04-08 13:45:44',3,415),
	(194,'2015-04-08 13:46:51',4,415),
	(195,'2015-04-08 13:47:37',3,416),
	(196,'2015-04-08 13:49:39',3,417),
	(197,'2015-04-08 14:00:58',3,427),
	(198,'2015-04-08 14:12:40',4,427),
	(199,'2015-04-08 14:20:51',3,430),
	(248,'2015-04-10 10:13:21',3,562),
	(256,'2015-04-10 11:27:42',3,571),
	(257,'2015-04-10 11:32:27',3,572),
	(258,'2015-04-10 11:32:28',4,572),
	(259,'2015-04-10 11:32:44',3,572),
	(286,'2015-04-13 15:03:55',3,613),
	(298,'2015-04-14 08:58:41',3,655),
	(299,'2015-04-14 08:58:43',4,655),
	(300,'2015-04-14 08:58:44',3,655),
	(301,'2015-04-14 10:47:23',3,656),
	(313,'2015-04-14 13:11:47',3,675),
	(318,'2015-04-14 13:35:20',3,678),
	(319,'2015-04-14 13:36:35',3,679),
	(321,'2015-04-14 13:53:10',3,683),
	(332,'2015-04-14 14:27:06',3,692),
	(398,'2015-04-16 11:48:58',3,799),
	(401,'2015-04-16 11:55:16',3,803),
	(405,'2015-04-16 13:10:29',3,809),
	(408,'2015-04-16 13:21:04',3,819),
	(412,'2015-04-16 13:46:16',3,822),
	(413,'2015-04-16 13:46:55',3,823),
	(426,'2015-04-16 14:45:11',3,835),
	(434,'2015-04-16 15:50:06',3,850),
	(437,'2015-04-16 16:00:01',3,854),
	(438,'2015-04-16 16:15:31',3,855),
	(439,'2015-04-16 16:17:33',3,856),
	(442,'2015-04-17 09:04:00',3,859),
	(473,'2015-04-17 10:54:22',3,886),
	(474,'2015-04-17 10:56:04',3,887),
	(475,'2015-04-17 10:59:16',3,888),
	(476,'2015-04-17 11:00:18',3,889),
	(477,'2015-04-17 11:04:47',3,891),
	(478,'2015-04-17 13:07:36',3,892),
	(484,'2015-04-17 13:23:13',3,896),
	(485,'2015-04-17 13:33:22',3,897),
	(488,'2015-04-17 19:25:33',3,900),
	(489,'2015-04-17 19:27:20',4,900),
	(490,'2015-04-17 19:27:54',3,900),
	(557,'2015-04-21 10:04:44',3,958),
	(563,'2015-04-21 10:23:07',3,964),
	(571,'2015-04-21 11:03:02',3,976),
	(572,'2015-04-21 11:03:07',4,976),
	(573,'2015-04-21 11:03:17',3,976),
	(574,'2015-04-21 11:09:26',3,979),
	(575,'2015-04-21 11:15:09',3,980),
	(628,'2015-04-23 10:31:03',3,1055),
	(648,'2015-04-23 15:39:28',3,1136),
	(649,'2015-04-23 15:39:33',4,1146),
	(650,'2015-04-23 15:39:34',3,1148),
	(651,'2015-04-23 15:41:01',3,1154),
	(652,'2015-04-23 15:42:08',3,1154),
	(653,'2015-04-23 15:45:15',3,1155),
	(654,'2015-04-23 15:46:19',3,1155),
	(655,'2015-04-23 15:52:58',3,1156),
	(656,'2015-04-23 16:19:38',3,1156),
	(657,'2015-04-23 16:23:13',3,1157),
	(658,'2015-04-23 16:23:18',4,1157),
	(669,'2015-04-24 15:48:37',3,1160),
	(695,'2015-04-28 13:53:28',3,1181),
	(770,'2015-05-05 11:14:39',3,1226),
	(771,'2015-05-05 11:20:22',3,1226),
	(773,'2015-05-06 10:21:16',3,1228),
	(774,'2015-05-06 10:21:16',4,1228),
	(775,'2015-05-06 10:26:00',3,1228),
	(776,'2015-05-06 11:07:12',3,1229),
	(777,'2015-05-06 11:13:16',3,1231),
	(778,'2015-05-06 11:28:52',3,1231),
	(779,'2015-05-06 13:33:50',3,1232),
	(978,'2015-05-13 09:33:06',4,964),
	(979,'2015-05-13 09:33:06',3,964),
	(980,'2015-05-13 09:33:48',3,964),
	(981,'2015-05-13 09:33:48',4,964),
	(982,'2015-05-13 09:33:51',4,964),
	(983,'2015-05-13 09:33:51',3,964),
	(984,'2015-05-13 09:39:41',4,964),
	(985,'2015-05-13 09:39:41',3,964),
	(986,'2015-05-13 09:45:10',3,964),
	(987,'2015-05-13 09:45:10',4,964),
	(988,'2015-05-13 09:52:38',3,964),
	(989,'2015-05-13 09:52:38',4,964),
	(990,'2015-05-13 09:55:11',4,964),
	(991,'2015-05-13 09:55:11',3,964),
	(992,'2015-05-13 09:56:17',4,964),
	(993,'2015-05-13 09:56:17',3,964),
	(994,'2015-05-13 09:56:19',3,964),
	(995,'2015-05-13 09:56:19',4,964),
	(996,'2015-05-13 09:56:21',4,964),
	(997,'2015-05-13 09:56:21',3,964),
	(998,'2015-05-13 09:56:30',4,964),
	(999,'2015-05-13 09:56:30',3,964),
	(1000,'2015-05-13 09:56:31',3,964),
	(1001,'2015-05-13 09:56:31',4,964),
	(1002,'2015-05-13 09:57:00',3,964),
	(1003,'2015-05-13 09:57:00',4,964),
	(1004,'2015-05-13 10:01:53',4,964),
	(1005,'2015-05-13 10:01:53',3,964),
	(1006,'2015-05-13 10:01:54',4,964),
	(1007,'2015-05-13 10:01:54',3,964),
	(1008,'2015-05-13 10:02:57',3,964),
	(1009,'2015-05-13 10:02:57',4,964),
	(1010,'2015-05-13 10:07:13',4,964),
	(1011,'2015-05-13 10:07:13',3,964),
	(1012,'2015-05-13 10:12:09',4,964),
	(1013,'2015-05-13 10:12:09',3,964),
	(1014,'2015-05-13 10:19:25',3,964),
	(1015,'2015-05-13 10:19:25',4,964),
	(1016,'2015-05-13 10:56:14',4,964),
	(1017,'2015-05-13 10:56:14',3,964),
	(1018,'2015-05-13 15:56:27',4,964),
	(1019,'2015-05-13 15:56:29',4,964),
	(1020,'2015-05-13 15:56:39',3,964),
	(1021,'2015-05-18 09:18:06',3,964),
	(1024,'2015-05-20 11:40:17',4,964),
	(1025,'2015-05-20 11:42:39',4,964),
	(1026,'2015-05-20 11:43:25',4,964),
	(1027,'2015-05-20 11:45:24',4,964),
	(1028,'2015-05-20 11:47:49',4,964),
	(1029,'2015-05-20 11:53:02',4,964),
	(1030,'2015-05-20 11:55:07',4,964),
	(1031,'2015-05-20 11:56:38',4,964),
	(1032,'2015-05-20 11:57:32',3,964),
	(1033,'2015-05-20 11:58:36',3,964),
	(1034,'2015-05-20 11:58:39',3,964),
	(1035,'2015-05-20 11:59:01',4,1234),
	(1036,'2015-05-20 13:45:03',4,1234),
	(1037,'2015-05-20 13:45:24',3,1234),
	(1038,'2015-05-20 13:45:36',4,1235),
	(1039,'2015-05-20 13:46:31',3,1235),
	(1040,'2015-05-20 13:46:33',4,1235),
	(1041,'2015-05-21 09:22:22',4,1235),
	(1042,'2015-05-21 09:22:51',3,1235),
	(1043,'2015-05-21 09:22:53',4,1235),
	(1044,'2015-05-21 09:23:27',3,1235),
	(1045,'2015-05-21 09:23:28',4,1235),
	(1046,'2015-05-21 09:27:09',3,1235),
	(1047,'2015-05-21 09:27:12',4,1235),
	(1048,'2015-05-21 09:28:38',4,1235),
	(1049,'2015-05-21 09:28:41',5,1235),
	(1050,'2015-05-21 09:28:42',3,1235),
	(1051,'2015-05-21 09:28:42',4,1235),
	(1052,'2015-05-21 09:40:09',9,1235),
	(1053,'2015-05-21 09:40:27',9,1235),
	(1054,'2015-05-21 09:40:29',4,1235),
	(1055,'2015-05-21 09:40:33',9,1235),
	(1056,'2015-05-21 09:40:52',9,1235),
	(1057,'2015-05-21 09:40:53',9,1235),
	(1058,'2015-05-21 09:43:07',9,1235),
	(1059,'2015-05-21 09:43:09',4,1235),
	(1060,'2015-05-21 09:44:23',9,1235),
	(1061,'2015-05-21 09:44:24',4,1236),
	(1062,'2015-05-21 09:47:10',9,1236),
	(1063,'2015-05-21 09:47:21',4,1236),
	(1064,'2015-05-21 09:47:52',4,1236),
	(1065,'2015-05-21 09:48:53',4,1236),
	(1066,'2015-05-21 09:50:25',4,1236),
	(1067,'2015-05-21 09:54:34',3,1236),
	(1068,'2015-05-21 09:54:36',4,1236),
	(1069,'2015-06-04 11:13:48',4,1241),
	(1070,'2015-06-09 14:15:23',3,1241),
	(1071,'2015-06-09 14:18:59',3,1242),
	(1072,'2015-06-09 14:19:09',9,1242),
	(1073,'2015-06-09 14:19:38',9,1242),
	(1074,'2015-06-17 14:18:04',4,1242),
	(1075,'2015-06-17 14:18:49',4,1242),
	(1076,'2015-06-17 14:18:54',3,1242),
	(1077,'2015-06-17 14:41:59',4,1257),
	(1078,'2015-06-17 14:42:03',3,1257),
	(1079,'2015-06-17 14:42:11',4,1258),
	(1080,'2015-06-17 14:43:02',4,1262),
	(1081,'2015-06-17 15:39:26',4,1264),
	(1082,'2015-06-17 15:50:28',3,1264),
	(1083,'2015-06-17 15:51:21',3,1265),
	(1084,'2015-06-17 15:51:30',4,1265),
	(1085,'2015-06-17 15:51:30',3,1265),
	(1086,'2015-06-17 15:51:31',4,1265),
	(1087,'2015-06-17 15:53:03',4,1267),
	(1088,'2015-06-17 15:56:32',3,1267),
	(1089,'2015-06-17 15:57:10',4,1268),
	(1090,'2015-06-17 15:59:35',4,1269),
	(1091,'2015-06-17 16:02:50',4,1270),
	(1092,'2015-06-17 16:03:48',4,1271),
	(1093,'2015-06-17 16:05:30',4,1272),
	(1094,'2015-06-17 16:11:46',4,1273),
	(1095,'2015-06-17 16:14:09',4,1274),
	(1096,'2015-06-17 16:16:53',4,1275),
	(1097,'2015-06-17 16:18:58',4,1276),
	(1098,'2015-06-17 16:22:10',4,1277),
	(1099,'2015-06-17 16:23:56',4,1278),
	(1100,'2015-06-17 16:27:22',4,1279),
	(1101,'2015-06-17 16:31:51',4,1280),
	(1102,'2015-06-17 16:34:08',4,1281),
	(1103,'2015-06-17 16:37:19',4,1282),
	(1104,'2015-06-17 16:39:40',4,1283),
	(1105,'2015-06-18 09:18:54',4,1283),
	(1106,'2015-06-18 09:20:32',4,1283),
	(1107,'2015-06-18 09:21:06',4,1283),
	(1108,'2015-06-18 09:26:34',4,1283),
	(1109,'2015-06-18 11:00:22',4,1283),
	(1110,'2015-06-18 11:00:57',4,1283),
	(1111,'2015-06-18 11:02:25',4,1283),
	(1112,'2015-06-19 09:49:19',4,1283),
	(1113,'2015-06-19 10:12:46',4,1283),
	(1114,'2015-06-19 13:21:55',4,1283),
	(1115,'2015-06-22 09:26:11',4,1283),
	(1116,'2015-06-22 09:26:28',3,1283),
	(1117,'2015-06-22 09:29:02',4,1283),
	(1118,'2015-06-24 15:53:36',4,1283),
	(1119,'2015-06-24 16:18:06',4,1283),
	(1120,'2015-06-24 16:19:26',4,1283),
	(1121,'2015-06-24 16:24:28',3,1283),
	(1122,'2015-06-24 16:27:14',4,1283),
	(1123,'2015-06-24 16:31:07',3,1283),
	(1124,'2015-06-24 16:31:46',4,1283),
	(1125,'2015-06-24 16:33:08',4,1283),
	(1126,'2015-06-24 16:35:07',4,1283),
	(1127,'2015-06-24 16:37:03',4,1283),
	(1128,'2015-06-24 16:38:02',4,1283),
	(1129,'2015-06-25 09:04:35',4,1284),
	(1130,'2015-06-25 09:12:07',3,1284),
	(1131,'2015-06-25 09:15:30',4,1284),
	(1132,'2015-06-25 09:17:43',4,1284),
	(1133,'2015-06-25 09:36:43',4,1284),
	(1134,'2015-06-25 09:39:25',4,1284),
	(1135,'2015-06-25 09:42:51',4,1284),
	(1136,'2015-06-25 10:47:04',4,1284),
	(1137,'2015-06-25 10:47:32',3,1284),
	(1138,'2015-06-25 10:48:03',4,1285),
	(1139,'2015-06-25 13:26:40',4,1287),
	(1140,'2015-06-25 13:28:34',4,1288),
	(1141,'2015-06-25 13:31:22',4,1289),
	(1142,'2015-06-25 13:34:36',3,1289),
	(1143,'2015-06-25 15:27:05',3,1289),
	(1144,'2015-06-26 09:04:28',4,1290),
	(1145,'2015-06-26 09:04:58',3,1290),
	(1146,'2015-06-26 09:05:00',3,1290),
	(1147,'2015-06-26 09:54:24',4,1291),
	(1148,'2015-06-26 09:57:29',3,1291),
	(1149,'2015-06-26 09:57:51',4,1291),
	(1150,'2015-06-26 15:58:49',3,1291),
	(1151,'2015-06-26 15:59:04',4,1291),
	(1152,'2015-06-29 15:16:25',3,1291),
	(1153,'2015-06-29 15:16:54',4,1291),
	(1154,'2015-06-29 15:38:23',3,1291),
	(1155,'2015-06-29 16:30:26',4,1291),
	(1156,'2015-06-30 13:10:38',4,1296),
	(1157,'2015-06-30 13:45:00',3,1296),
	(1158,'2015-06-30 13:45:04',4,1296),
	(1159,'2015-06-30 13:51:11',4,1308),
	(1160,'2015-06-30 13:59:38',3,1308),
	(1161,'2015-06-30 14:11:34',4,1313),
	(1162,'2015-06-30 14:13:18',4,1313),
	(1163,'2015-06-30 14:16:16',4,1313),
	(1164,'2015-06-30 14:17:17',3,1313),
	(1165,'2015-06-30 14:17:28',4,1318),
	(1166,'2015-06-30 14:18:46',4,1318),
	(1167,'2015-06-30 14:20:26',4,1323),
	(1168,'2015-06-30 14:32:20',4,1324),
	(1169,'2015-06-30 14:32:25',3,1324),
	(1170,'2015-06-30 14:32:31',4,1324),
	(1171,'2015-06-30 14:34:45',4,1325),
	(1172,'2015-06-30 14:46:06',4,1325),
	(1173,'2015-06-30 14:47:04',4,1326),
	(1174,'2015-06-30 15:01:36',3,1326),
	(1175,'2015-06-30 15:01:46',4,1327),
	(1176,'2015-06-30 15:03:35',4,1328),
	(1177,'2015-07-01 13:32:27',4,1329),
	(1178,'2015-07-01 13:34:17',4,1330),
	(1179,'2015-07-01 13:38:02',4,1331),
	(1180,'2015-07-01 13:38:48',4,1332),
	(1181,'2015-07-01 13:39:55',4,1333),
	(1182,'2015-07-01 13:44:28',4,1334),
	(1183,'2015-07-01 13:55:00',4,1335),
	(1184,'2015-07-01 13:59:08',4,1336),
	(1185,'2015-07-01 14:00:54',4,1337),
	(1186,'2015-07-01 14:05:58',4,1338),
	(1187,'2015-07-01 14:14:11',4,1339),
	(1188,'2015-07-01 14:15:38',4,1340),
	(1189,'2015-07-01 14:51:41',4,1341),
	(1190,'2015-07-01 15:09:04',4,1341),
	(1191,'2015-07-01 15:13:31',3,1341),
	(1192,'2015-07-01 15:13:32',4,1342),
	(1193,'2015-07-01 21:02:22',3,1342),
	(1194,'2015-07-01 21:02:24',3,1342),
	(1195,'2015-07-01 21:02:26',3,1342),
	(1196,'2015-07-02 09:25:06',3,1342),
	(1197,'2015-07-02 09:27:09',3,1342),
	(1198,'2015-07-02 09:27:29',3,1342),
	(1199,'2015-07-02 13:11:32',3,1342),
	(1200,'2015-07-02 13:28:25',3,1342),
	(1201,'2015-07-02 14:27:32',3,1342),
	(1202,'2015-07-02 14:30:48',3,1342),
	(1203,'2015-07-02 15:04:56',3,1342),
	(1204,'2015-07-02 15:05:07',3,1342),
	(1205,'2015-07-02 15:05:07',3,1342),
	(1206,'2015-07-02 15:05:08',3,1342),
	(1207,'2015-07-02 15:05:10',3,1342),
	(1208,'2015-07-02 15:05:11',3,1342),
	(1209,'2015-07-02 15:15:07',3,1342),
	(1210,'2015-07-02 15:15:08',3,1342),
	(1211,'2015-07-02 15:29:05',3,1342),
	(1212,'2015-07-02 15:29:07',3,1342),
	(1213,'2015-07-02 15:40:49',3,1342),
	(1214,'2015-07-02 15:40:50',3,1342),
	(1215,'2015-07-02 16:18:22',6,1342),
	(1216,'2015-07-03 09:41:17',3,1342),
	(1217,'2015-07-03 09:41:18',3,1342),
	(1218,'2015-07-03 09:50:01',3,1342),
	(1219,'2015-07-03 09:50:03',3,1342),
	(1220,'2015-07-03 09:50:04',3,1342),
	(1221,'2015-07-03 09:51:36',3,1342),
	(1222,'2015-07-03 10:36:08',3,1342),
	(1223,'2015-07-03 14:56:31',3,1342),
	(1224,'2015-07-03 14:56:34',3,1342),
	(1225,'2015-07-03 14:56:41',3,1342),
	(1226,'2015-07-03 15:29:32',3,1342),
	(1227,'2015-07-03 15:29:32',3,1342),
	(1228,'2015-07-03 15:54:28',4,1342),
	(1229,'2015-07-06 09:37:57',3,1342),
	(1230,'2015-07-06 10:36:50',4,1344),
	(1231,'2015-07-06 10:48:22',4,1345),
	(1232,'2015-07-06 10:52:23',4,1346),
	(1233,'2015-07-06 10:53:19',4,1347),
	(1234,'2015-07-06 11:00:15',4,1348),
	(1235,'2015-07-06 11:06:09',4,1349),
	(1236,'2015-07-06 11:27:31',4,1350),
	(1237,'2015-07-06 11:32:20',4,1351),
	(1238,'2015-07-06 13:26:25',4,1351),
	(1239,'2015-07-06 13:46:24',4,1351),
	(1240,'2015-07-06 13:48:45',4,1351),
	(1241,'2015-07-06 13:58:19',4,1351),
	(1242,'2015-07-06 14:00:32',4,1351),
	(1243,'2015-07-06 14:03:22',4,1351),
	(1244,'2015-07-06 14:12:08',4,1351),
	(1245,'2015-07-06 14:19:44',4,1351),
	(1246,'2015-07-06 14:33:27',4,1351),
	(1247,'2015-07-06 14:55:48',4,1351),
	(1248,'2015-07-06 14:57:21',4,1351),
	(1249,'2015-07-06 15:49:32',4,1351),
	(1250,'2015-07-06 15:55:21',4,1351),
	(1251,'2015-07-06 16:06:13',4,1351),
	(1252,'2015-07-06 16:18:32',4,1351),
	(1253,'2015-07-07 09:35:46',4,1351),
	(1254,'2015-07-07 09:37:59',4,1351),
	(1255,'2015-07-07 10:14:51',4,1351),
	(1256,'2015-07-07 10:16:40',4,1351),
	(1257,'2015-07-07 10:19:10',4,1351),
	(1258,'2015-07-07 10:28:45',4,1351),
	(1259,'2015-07-07 10:49:46',4,1351),
	(1260,'2015-07-07 11:01:24',4,1351),
	(1261,'2015-07-07 11:02:12',3,1351),
	(1262,'2015-07-07 11:02:13',4,1351),
	(1263,'2015-07-07 11:17:45',4,1351),
	(1264,'2015-07-07 11:21:47',4,1351),
	(1265,'2015-07-07 11:23:04',4,1351),
	(1266,'2015-07-07 11:24:27',4,1351),
	(1267,'2015-07-07 11:50:23',4,1351),
	(1268,'2015-07-07 11:54:21',4,1351),
	(1269,'2015-07-07 11:57:36',4,1351),
	(1270,'2015-07-07 13:37:44',4,1351),
	(1271,'2015-07-07 13:39:01',4,1351),
	(1272,'2015-07-07 13:39:50',4,1351),
	(1273,'2015-07-07 13:59:03',4,1351),
	(1274,'2015-07-07 14:11:48',4,1351),
	(1275,'2015-07-07 14:30:48',4,1351),
	(1276,'2015-07-07 14:43:58',4,1351),
	(1277,'2015-07-07 14:47:13',4,1351),
	(1278,'2015-07-07 15:03:44',4,1351),
	(1279,'2015-07-07 15:41:55',4,1351),
	(1280,'2015-07-07 16:00:03',4,1351),
	(1281,'2015-07-07 16:29:03',4,1351),
	(1282,'2015-07-08 09:28:26',4,1351),
	(1283,'2015-07-08 09:43:41',4,1351),
	(1284,'2015-07-08 09:47:35',4,1351),
	(1285,'2015-07-08 09:53:20',4,1351),
	(1286,'2015-07-08 10:14:41',4,1351),
	(1287,'2015-07-08 13:40:26',4,1351),
	(1288,'2015-07-08 13:41:34',4,1351),
	(1289,'2015-07-08 13:42:17',3,1351),
	(1290,'2015-07-08 13:57:53',4,1351),
	(1291,'2015-07-08 15:53:06',4,1351),
	(1292,'2015-07-08 15:58:02',4,1351),
	(1293,'2015-07-08 15:59:25',4,1351),
	(1294,'2015-07-08 16:00:45',4,1351),
	(1295,'2015-07-08 16:02:53',4,1351),
	(1296,'2015-07-08 16:09:07',4,1351),
	(1297,'2015-07-08 16:10:47',4,1351),
	(1298,'2015-07-08 16:14:37',4,1351),
	(1299,'2015-07-08 16:32:27',4,1351),
	(1300,'2015-07-08 16:33:32',3,1351),
	(1301,'2015-07-09 09:06:41',4,1351),
	(1302,'2015-07-09 09:07:50',4,1351),
	(1303,'2015-07-09 09:10:39',4,1351),
	(1304,'2015-07-09 11:22:37',4,1351),
	(1305,'2015-07-09 11:31:29',4,1351),
	(1306,'2015-07-09 13:39:35',3,1351),
	(1307,'2015-07-09 13:39:36',4,1351),
	(1308,'2015-07-09 13:39:36',3,1351),
	(1309,'2015-07-09 13:39:41',4,1351),
	(1310,'2015-07-09 14:01:35',4,1351),
	(1311,'2015-07-09 14:03:34',4,1351),
	(1312,'2015-07-09 14:30:53',4,1351),
	(1313,'2015-07-09 14:35:10',4,1351),
	(1314,'2015-07-09 14:35:24',3,1351),
	(1315,'2015-07-09 14:41:48',4,1351),
	(1316,'2015-07-09 14:43:58',4,1351),
	(1317,'2015-07-09 14:44:05',3,1351),
	(1318,'2015-07-09 14:44:22',4,1351),
	(1319,'2015-07-09 15:02:38',4,1351),
	(1320,'2015-07-09 15:02:48',3,1351),
	(1321,'2015-07-09 15:09:08',4,1351),
	(1322,'2015-07-09 15:17:16',4,1351),
	(1323,'2015-07-09 15:20:32',4,1351),
	(1324,'2015-07-09 15:22:32',4,1351),
	(1325,'2015-07-09 16:18:47',4,1351),
	(1326,'2015-07-09 16:18:52',3,1351),
	(1327,'2015-07-09 20:59:41',4,1351),
	(1328,'2015-07-09 21:24:42',4,1351),
	(1329,'2015-07-10 09:20:54',4,1351),
	(1330,'2015-07-10 09:21:01',3,1351),
	(1331,'2015-07-10 09:23:59',4,1351),
	(1332,'2015-07-10 09:27:54',4,1351),
	(1333,'2015-07-10 09:30:48',4,1351),
	(1334,'2015-07-10 09:35:13',4,1351),
	(1335,'2015-07-10 09:38:57',4,1351),
	(1336,'2015-07-10 09:39:06',3,1351),
	(1337,'2015-07-10 09:39:23',4,1351),
	(1338,'2015-07-10 09:42:06',4,1351),
	(1339,'2015-07-10 09:47:18',4,1351),
	(1340,'2015-07-10 09:47:20',4,1351),
	(1341,'2015-07-10 09:51:07',4,1351),
	(1342,'2015-07-10 09:55:40',4,1351),
	(1343,'2015-07-10 09:58:01',4,1351),
	(1344,'2015-07-10 10:01:49',4,1351),
	(1345,'2015-07-10 10:12:00',4,1351),
	(1346,'2015-07-10 10:12:03',4,1351),
	(1347,'2015-07-10 10:16:31',4,1351),
	(1348,'2015-07-10 10:29:14',4,1351),
	(1349,'2015-07-10 10:29:31',4,1351),
	(1350,'2015-07-10 10:29:37',3,1351),
	(1351,'2015-07-10 10:30:02',4,1351),
	(1352,'2015-07-10 15:10:43',4,1351),
	(1353,'2015-07-10 15:13:00',4,1351),
	(1354,'2015-07-10 15:16:41',4,1351),
	(1355,'2015-07-10 15:24:49',4,1351),
	(1356,'2015-07-10 15:24:52',3,1351),
	(1357,'2015-07-10 15:25:04',4,1351),
	(1358,'2015-07-10 15:45:47',4,1351),
	(1359,'2015-07-10 15:57:58',4,1351),
	(1360,'2015-07-10 16:20:41',4,1351),
	(1361,'2015-07-10 16:25:43',4,1351),
	(1362,'2015-07-10 16:29:08',4,1351),
	(1363,'2015-07-14 10:58:37',4,1351),
	(1364,'2015-07-14 10:59:50',4,1351),
	(1365,'2015-07-15 09:02:54',4,1351),
	(1366,'2015-07-15 09:03:01',3,1351),
	(1367,'2015-07-15 09:03:51',4,1351),
	(1368,'2015-07-15 13:55:42',4,1351),
	(1369,'2015-07-15 13:57:31',4,1351),
	(1370,'2015-07-15 14:03:18',4,1351),
	(1371,'2015-07-15 14:08:30',4,1351),
	(1372,'2015-07-15 14:10:49',4,1351),
	(1373,'2015-07-15 14:14:37',4,1351),
	(1374,'2015-07-15 14:16:43',4,1351),
	(1375,'2015-07-16 09:07:24',4,1351),
	(1376,'2015-07-16 09:08:06',4,1351),
	(1377,'2015-07-16 09:10:25',4,1351),
	(1378,'2015-07-16 09:12:55',4,1351),
	(1379,'2015-07-16 09:17:10',4,1351),
	(1380,'2015-07-16 09:18:11',4,1351),
	(1381,'2015-07-16 09:20:18',4,1351),
	(1382,'2015-07-16 09:25:44',4,1351),
	(1383,'2015-07-16 09:29:33',4,1351),
	(1384,'2015-07-16 09:33:23',4,1351),
	(1385,'2015-07-16 09:44:47',4,1351),
	(1386,'2015-07-16 10:02:53',4,1351),
	(1387,'2015-07-16 10:11:36',4,1351),
	(1388,'2015-07-16 10:12:35',4,1351),
	(1389,'2015-07-16 10:15:51',4,1351),
	(1390,'2015-07-16 10:29:57',4,1351),
	(1391,'2015-07-16 10:30:12',3,1351),
	(1392,'2015-07-16 10:30:31',4,1351),
	(1393,'2015-07-16 10:47:16',4,1351),
	(1394,'2015-07-16 10:47:22',3,1351),
	(1395,'2015-07-16 10:47:50',4,1351),
	(1396,'2015-07-16 11:47:20',4,1351),
	(1397,'2015-07-16 11:51:54',4,1351),
	(1398,'2015-07-16 11:54:31',4,1351),
	(1399,'2015-07-16 13:03:11',4,1351),
	(1400,'2015-07-16 13:03:58',3,1351),
	(1401,'2015-07-16 13:37:55',4,1351),
	(1402,'2015-07-16 13:37:57',3,1351),
	(1403,'2015-07-16 13:38:11',4,1351),
	(1404,'2015-07-16 13:47:34',4,1351),
	(1405,'2015-07-16 13:51:18',4,1351),
	(1406,'2015-07-16 14:10:50',4,1351),
	(1407,'2015-07-16 14:37:26',4,1351),
	(1408,'2015-07-16 14:46:18',4,1351),
	(1409,'2015-07-16 14:59:30',4,1356),
	(1410,'2015-07-16 15:02:00',4,1359),
	(1411,'2015-07-16 15:16:15',4,1360),
	(1412,'2015-07-16 15:23:17',4,1361),
	(1413,'2015-07-16 15:28:16',4,1362),
	(1414,'2015-07-16 15:28:23',7,1362),
	(1415,'2015-07-16 15:28:23',1,1362),
	(1416,'2015-07-16 15:28:30',4,1363),
	(1417,'2015-07-16 15:28:42',1,1363),
	(1418,'2015-07-16 15:28:42',7,1363),
	(1419,'2015-07-16 15:28:44',7,1363),
	(1420,'2015-07-16 15:28:44',1,1363),
	(1421,'2015-07-16 15:28:45',1,1363),
	(1422,'2015-07-16 15:28:45',7,1363),
	(1423,'2015-07-16 15:28:46',1,1363),
	(1424,'2015-07-16 15:28:46',7,1363),
	(1425,'2015-07-16 15:28:47',1,1363),
	(1426,'2015-07-16 15:28:47',7,1363),
	(1427,'2015-07-16 15:28:48',1,1363),
	(1428,'2015-07-16 15:28:48',7,1363),
	(1429,'2015-07-16 15:28:49',1,1363),
	(1430,'2015-07-16 15:28:49',7,1363),
	(1431,'2015-07-16 15:29:06',4,1364),
	(1432,'2015-07-16 15:29:28',7,1364),
	(1433,'2015-07-16 15:29:28',1,1364),
	(1434,'2015-07-16 15:29:37',4,1364),
	(1435,'2015-07-16 15:31:51',4,1365),
	(1436,'2015-07-16 15:31:52',7,1365),
	(1437,'2015-07-16 15:32:05',3,1365),
	(1438,'2015-07-16 15:32:06',7,1365),
	(1439,'2015-07-16 15:32:08',7,1365),
	(1440,'2015-07-16 15:32:11',4,1365),
	(1441,'2015-07-16 15:34:24',7,1365),
	(1442,'2015-07-16 15:34:26',7,1365),
	(1443,'2015-07-16 15:34:27',7,1365),
	(1444,'2015-07-16 15:34:28',7,1365),
	(1445,'2015-07-16 15:34:34',7,1365),
	(1446,'2015-07-16 15:34:34',7,1365),
	(1447,'2015-07-16 15:39:01',7,1365),
	(1448,'2015-07-16 15:39:03',4,1365),
	(1449,'2015-07-16 15:41:24',4,1366),
	(1450,'2015-07-16 15:41:33',7,1366),
	(1451,'2015-07-16 15:41:33',1,1366),
	(1452,'2015-07-16 15:41:37',4,1366),
	(1453,'2015-07-16 15:41:40',7,1366),
	(1454,'2015-07-16 15:41:40',1,1366),
	(1455,'2015-07-16 15:41:49',4,1367),
	(1456,'2015-07-16 21:24:41',4,1368),
	(1457,'2015-07-17 10:12:44',4,1368),
	(1458,'2015-07-17 10:13:59',4,1369),
	(1459,'2015-07-17 10:15:36',3,1369),
	(1460,'2015-07-17 10:17:05',4,1371),
	(1461,'2015-07-17 10:24:40',4,1372),
	(1462,'2015-07-17 11:02:02',3,1372),
	(1463,'2015-07-17 11:03:20',4,1375),
	(1464,'2015-07-17 11:05:25',3,1375),
	(1465,'2015-07-17 11:13:40',4,1376),
	(1466,'2015-07-17 11:22:05',4,1377),
	(1467,'2015-07-17 11:23:15',3,1377),
	(1468,'2015-07-17 11:23:39',4,1377),
	(1469,'2015-07-17 11:23:48',3,1377),
	(1470,'2015-07-17 11:23:52',4,1378),
	(1471,'2015-07-17 11:55:37',3,1378),
	(1472,'2015-07-17 11:59:46',4,1380),
	(1473,'2015-07-17 15:17:36',4,1380),
	(1474,'2015-07-17 15:45:19',4,1381),
	(1475,'2015-07-20 09:06:11',4,1383),
	(1476,'2015-07-20 09:08:05',4,1384),
	(1477,'2015-07-20 09:09:45',4,1385),
	(1478,'2015-07-20 09:13:23',4,1386),
	(1479,'2015-07-20 09:15:46',4,1387),
	(1480,'2015-07-20 09:20:06',4,1388),
	(1481,'2015-07-20 09:20:59',4,1389),
	(1482,'2015-07-20 09:21:07',3,1389),
	(1483,'2015-07-20 09:23:35',4,1391),
	(1484,'2015-07-20 09:24:00',3,1391),
	(1485,'2015-07-20 09:24:44',4,1391),
	(1486,'2015-07-20 09:52:25',4,1393),
	(1487,'2015-07-20 09:57:35',4,1394),
	(1488,'2015-07-20 10:01:16',4,1395),
	(1489,'2015-07-20 10:04:17',4,1397),
	(1490,'2015-07-20 10:11:19',4,1399),
	(1491,'2015-07-20 10:15:38',4,1400),
	(1492,'2015-07-20 10:20:04',4,1401),
	(1493,'2015-07-20 10:22:25',4,1402),
	(1494,'2015-07-20 10:23:50',4,1403),
	(1495,'2015-07-20 10:25:53',4,1404),
	(1496,'2015-07-20 10:27:28',4,1405),
	(1497,'2015-07-20 10:34:01',4,1410),
	(1498,'2015-07-20 10:43:16',4,1414),
	(1499,'2015-07-20 10:43:36',3,1414),
	(1500,'2015-07-20 10:43:39',4,1414),
	(1501,'2015-07-20 10:51:20',4,1415),
	(1502,'2015-07-20 10:52:11',4,1416),
	(1503,'2015-07-20 10:55:55',4,1419),
	(1504,'2015-07-20 11:32:07',4,1419),
	(1505,'2015-07-20 11:32:48',4,1420),
	(1506,'2015-07-20 11:36:05',4,1422),
	(1507,'2015-07-20 11:37:00',4,1423),
	(1508,'2015-07-20 11:39:08',4,1424),
	(1509,'2015-07-20 11:47:09',4,1425),
	(1510,'2015-07-20 11:55:41',4,1426),
	(1511,'2015-07-20 13:00:45',4,1427),
	(1512,'2015-07-20 13:14:55',4,1428),
	(1513,'2015-07-20 13:17:37',4,1430),
	(1514,'2015-07-20 13:17:41',3,1430),
	(1515,'2015-07-20 13:17:42',4,1430),
	(1516,'2015-07-20 13:18:03',3,1430),
	(1517,'2015-07-20 13:18:06',4,1430),
	(1518,'2015-07-21 09:20:26',4,1430),
	(1519,'2015-07-21 09:24:55',4,1431),
	(1520,'2015-07-21 09:34:00',4,1433),
	(1521,'2015-07-21 09:34:27',3,1433),
	(1522,'2015-07-21 09:34:28',4,1433),
	(1523,'2015-07-21 09:45:18',4,1435),
	(1524,'2015-07-21 09:50:22',4,1437),
	(1525,'2015-07-21 10:06:53',3,1437),
	(1526,'2015-07-21 10:06:58',4,1437),
	(1527,'2015-07-21 10:08:09',4,1438),
	(1528,'2015-07-21 10:16:11',3,1438),
	(1529,'2015-07-21 10:16:14',4,1439),
	(1530,'2015-07-21 10:29:47',4,1440),
	(1531,'2015-07-21 10:49:35',4,1443),
	(1532,'2015-07-21 10:54:44',4,1444),
	(1533,'2015-07-21 11:04:01',4,1446),
	(1534,'2015-07-21 11:05:50',4,1447),
	(1535,'2015-07-21 11:31:30',4,1454),
	(1536,'2015-07-21 11:34:58',3,1454),
	(1537,'2015-07-21 11:35:31',4,1455),
	(1538,'2015-07-21 11:48:03',4,1455),
	(1539,'2015-07-21 11:48:55',4,1456),
	(1540,'2015-07-21 11:51:02',4,1457),
	(1541,'2015-07-21 11:51:54',4,1457),
	(1542,'2015-07-21 11:51:58',4,1457),
	(1543,'2015-07-21 12:00:24',4,1458),
	(1544,'2015-07-21 12:00:49',4,1459),
	(1545,'2015-07-21 12:05:35',3,1459),
	(1546,'2015-07-21 12:07:25',4,1460),
	(1547,'2015-07-21 13:36:01',7,1460),
	(1548,'2015-07-21 13:36:01',7,1460),
	(1549,'2015-07-21 13:36:01',1,1460),
	(1550,'2015-07-21 13:36:01',1,1460),
	(1551,'2015-07-21 13:36:03',1,1460),
	(1552,'2015-07-21 13:36:03',7,1460),
	(1553,'2015-07-21 13:36:05',7,1460),
	(1554,'2015-07-21 13:36:05',1,1460),
	(1555,'2015-07-21 13:36:05',7,1460),
	(1556,'2015-07-21 13:36:05',1,1460),
	(1557,'2015-07-21 13:53:59',7,1461),
	(1558,'2015-07-21 13:53:59',1,1461),
	(1559,'2015-07-21 14:30:41',4,1461),
	(1560,'2015-07-21 14:31:18',7,1461),
	(1561,'2015-07-21 14:35:58',4,1461),
	(1562,'2015-07-21 14:36:41',7,1461),
	(1563,'2015-07-21 14:36:56',7,1461),
	(1564,'2015-07-21 14:37:00',7,1461),
	(1565,'2015-07-21 14:37:23',4,1461),
	(1566,'2015-07-21 14:43:07',7,1461),
	(1567,'2015-07-21 14:43:08',3,1461),
	(1568,'2015-07-21 14:43:20',4,1461),
	(1569,'2015-07-21 14:43:50',3,1461),
	(1570,'2015-07-21 14:43:57',7,1462),
	(1571,'2015-07-21 14:43:59',7,1462),
	(1572,'2015-07-21 14:44:00',7,1462),
	(1573,'2015-07-21 14:44:22',4,1462),
	(1574,'2015-07-21 14:44:24',7,1462),
	(1575,'2015-07-21 14:46:30',4,1462),
	(1576,'2015-07-21 14:46:35',7,1462),
	(1577,'2015-07-21 14:53:14',4,1463),
	(1578,'2015-07-21 14:55:12',4,1463),
	(1579,'2015-07-21 15:00:42',7,1463),
	(1580,'2015-07-21 15:00:42',1,1463),
	(1581,'2015-07-21 15:00:46',1,1463),
	(1582,'2015-07-21 15:00:46',7,1463),
	(1583,'2015-07-21 15:00:47',7,1463),
	(1584,'2015-07-21 15:00:47',1,1463),
	(1585,'2015-07-21 15:01:00',4,1463),
	(1586,'2015-07-21 15:01:02',7,1463),
	(1587,'2015-07-21 15:01:02',1,1463),
	(1588,'2015-07-21 15:02:45',4,1463),
	(1589,'2015-07-21 15:02:49',7,1463),
	(1590,'2015-07-21 15:02:49',1,1463),
	(1591,'2015-07-21 15:02:49',7,1463),
	(1592,'2015-07-21 15:02:50',1,1463),
	(1593,'2015-07-21 15:02:50',1,1463),
	(1594,'2015-07-21 15:02:50',7,1463),
	(1595,'2015-07-21 15:02:50',7,1463),
	(1596,'2015-07-21 15:02:50',1,1463),
	(1597,'2015-07-21 15:02:51',1,1463),
	(1598,'2015-07-21 15:02:51',7,1463),
	(1599,'2015-07-21 15:02:51',7,1463),
	(1600,'2015-07-21 15:02:51',1,1463),
	(1601,'2015-07-21 15:02:51',7,1463),
	(1602,'2015-07-21 15:02:51',1,1463),
	(1603,'2015-07-21 15:02:51',7,1463),
	(1604,'2015-07-21 15:02:52',1,1463),
	(1605,'2015-07-21 15:02:52',1,1463),
	(1606,'2015-07-21 15:02:52',7,1463),
	(1607,'2015-07-21 15:02:52',7,1463),
	(1608,'2015-07-21 15:02:53',1,1463),
	(1609,'2015-07-21 15:02:53',1,1463),
	(1610,'2015-07-21 15:02:53',1,1463),
	(1611,'2015-07-21 15:02:53',1,1463),
	(1612,'2015-07-21 15:02:54',1,1463),
	(1613,'2015-07-21 15:02:54',7,1463),
	(1614,'2015-07-21 15:02:54',7,1463),
	(1615,'2015-07-21 15:02:54',1,1463),
	(1616,'2015-07-21 15:02:54',7,1463),
	(1617,'2015-07-21 15:02:55',7,1463),
	(1618,'2015-07-21 15:02:55',7,1463),
	(1619,'2015-07-21 15:03:00',7,1463),
	(1620,'2015-07-21 15:03:00',1,1463),
	(1621,'2015-07-21 15:03:00',1,1463),
	(1622,'2015-07-21 15:03:00',7,1463),
	(1623,'2015-07-21 15:03:01',1,1463),
	(1624,'2015-07-21 15:03:01',7,1463),
	(1625,'2015-07-21 15:04:13',7,1463),
	(1626,'2015-07-21 15:04:13',1,1463),
	(1627,'2015-07-21 15:04:53',4,1464),
	(1628,'2015-07-21 15:06:52',7,1464),
	(1629,'2015-07-21 15:28:43',4,1465),
	(1630,'2015-07-21 15:29:30',4,1465),
	(1631,'2015-07-21 15:32:34',4,1465),
	(1632,'2015-07-21 15:35:33',4,1465),
	(1633,'2015-07-21 15:35:39',7,1465),
	(1634,'2015-07-21 16:05:53',4,1465),
	(1635,'2015-07-21 16:05:56',7,1465),
	(1636,'2015-07-21 16:05:56',1,1465),
	(1637,'2015-07-21 16:06:03',7,1465),
	(1638,'2015-07-21 16:06:03',1,1465),
	(1639,'2015-07-21 16:06:06',7,1465),
	(1640,'2015-07-21 16:06:06',1,1465),
	(1641,'2015-07-21 16:06:08',7,1465),
	(1642,'2015-07-21 16:06:08',1,1465),
	(1643,'2015-07-21 16:06:10',1,1465),
	(1644,'2015-07-21 16:06:10',7,1465),
	(1645,'2015-07-21 16:06:11',7,1465),
	(1646,'2015-07-21 16:06:11',1,1465),
	(1647,'2015-07-21 16:06:13',7,1465),
	(1648,'2015-07-21 16:06:13',1,1465),
	(1649,'2015-07-21 16:06:17',7,1465),
	(1650,'2015-07-21 16:06:17',1,1465),
	(1651,'2015-07-21 16:06:19',1,1465),
	(1652,'2015-07-21 16:06:19',7,1465),
	(1653,'2015-07-21 16:06:20',7,1465),
	(1654,'2015-07-21 16:06:20',1,1465),
	(1655,'2015-07-21 16:06:22',7,1465),
	(1656,'2015-07-21 16:06:22',1,1465),
	(1657,'2015-07-21 16:07:21',1,1465),
	(1658,'2015-07-21 16:07:21',7,1465),
	(1659,'2015-07-21 16:07:23',1,1465),
	(1660,'2015-07-21 16:07:23',7,1465),
	(1661,'2015-07-21 16:07:25',7,1465),
	(1662,'2015-07-21 16:07:25',1,1465),
	(1663,'2015-07-21 16:07:26',7,1465),
	(1664,'2015-07-21 16:07:26',1,1465),
	(1665,'2015-07-21 16:07:28',1,1465),
	(1666,'2015-07-21 16:07:28',7,1465),
	(1667,'2015-07-21 16:07:30',7,1465),
	(1668,'2015-07-21 16:07:30',1,1465),
	(1669,'2015-07-21 16:14:41',4,1465),
	(1670,'2015-07-21 16:14:44',7,1465),
	(1671,'2015-07-21 16:14:45',1,1465),
	(1672,'2015-07-21 16:14:52',4,1466),
	(1673,'2015-07-21 16:14:57',3,1466),
	(1674,'2015-07-21 16:14:59',7,1466),
	(1675,'2015-07-21 16:14:59',1,1466),
	(1676,'2015-07-21 16:15:03',4,1466),
	(1677,'2015-07-21 16:16:02',4,1466),
	(1678,'2015-07-21 16:16:07',1,1466),
	(1679,'2015-07-21 16:16:07',7,1466),
	(1680,'2015-07-22 09:33:56',4,1468),
	(1681,'2015-07-22 09:37:02',4,1468),
	(1682,'2015-07-22 09:38:00',4,1470),
	(1683,'2015-07-22 09:46:29',4,1471),
	(1684,'2015-07-22 09:51:14',4,1471),
	(1685,'2015-07-22 09:55:12',4,1472),
	(1686,'2015-07-22 10:08:18',4,1473),
	(1687,'2015-07-22 10:10:53',4,1473),
	(1688,'2015-07-22 10:12:01',4,1474),
	(1689,'2015-07-22 10:12:04',3,1474),
	(1690,'2015-07-22 10:12:42',4,1475),
	(1691,'2015-07-22 10:17:34',4,1475),
	(1692,'2015-07-22 10:18:19',3,1475),
	(1693,'2015-07-22 10:18:26',4,1475),
	(1694,'2015-07-22 10:22:18',3,1475),
	(1695,'2015-07-22 10:22:24',4,1475),
	(1696,'2015-07-22 10:23:25',3,1475),
	(1697,'2015-07-22 10:23:25',3,1475),
	(1698,'2015-07-22 10:23:26',3,1475),
	(1699,'2015-07-22 10:34:00',4,1475),
	(1700,'2015-07-22 10:36:11',4,1475),
	(1701,'2015-07-22 10:38:26',4,1476),
	(1702,'2015-07-22 10:42:03',3,1476),
	(1703,'2015-07-22 10:51:22',3,1476),
	(1704,'2015-07-22 10:55:04',3,1476),
	(1705,'2015-07-22 10:55:09',4,1476),
	(1706,'2015-07-22 10:57:50',3,1476),
	(1707,'2015-07-22 10:58:44',4,1476),
	(1708,'2015-07-22 11:01:12',4,1478),
	(1709,'2015-07-22 11:01:15',3,1478),
	(1710,'2015-07-22 11:01:16',4,1478),
	(1711,'2015-07-22 11:03:41',4,1479),
	(1712,'2015-07-22 11:06:27',4,1480),
	(1713,'2015-07-22 11:09:29',4,1481),
	(1714,'2015-07-22 11:10:47',4,1482),
	(1715,'2015-07-22 11:14:48',4,1483),
	(1716,'2015-07-22 11:14:50',3,1483),
	(1717,'2015-07-22 11:14:51',4,1483),
	(1718,'2015-07-22 11:15:02',3,1483),
	(1719,'2015-07-22 11:15:28',4,1483),
	(1720,'2015-07-22 11:18:13',4,1484),
	(1721,'2015-07-22 11:20:03',4,1485),
	(1722,'2015-07-22 11:21:53',4,1486),
	(1723,'2015-07-22 11:23:13',4,1487),
	(1724,'2015-07-22 11:25:34',4,1488),
	(1725,'2015-07-22 11:27:25',4,1489),
	(1726,'2015-07-22 11:27:35',3,1489),
	(1727,'2015-07-22 11:28:11',4,1490),
	(1728,'2015-07-22 11:32:59',4,1491),
	(1729,'2015-07-22 11:33:04',3,1491),
	(1730,'2015-07-22 11:33:36',4,1492),
	(1731,'2015-07-22 11:44:05',4,1493),
	(1732,'2015-07-22 11:45:30',4,1495),
	(1733,'2015-07-22 11:54:01',4,1496),
	(1734,'2015-07-22 11:54:05',3,1496),
	(1735,'2015-07-22 11:54:23',4,1497),
	(1736,'2015-07-22 12:54:06',4,1499),
	(1737,'2015-07-22 12:57:59',4,1503),
	(1738,'2015-07-22 13:17:19',4,1504),
	(1739,'2015-07-22 13:17:25',7,1504),
	(1740,'2015-07-22 13:20:02',4,1505),
	(1741,'2015-07-22 13:20:05',7,1505),
	(1742,'2015-07-22 13:20:05',1,1505),
	(1743,'2015-07-22 13:25:01',4,1506),
	(1744,'2015-07-22 13:25:38',1,1506),
	(1745,'2015-07-22 13:25:38',7,1506),
	(1746,'2015-07-22 13:27:33',4,1507),
	(1747,'2015-07-22 13:27:45',1,1507),
	(1748,'2015-07-22 13:27:45',7,1507),
	(1749,'2015-07-22 13:29:19',4,1508),
	(1750,'2015-07-22 13:29:22',7,1508),
	(1751,'2015-07-22 13:29:22',1,1508),
	(1752,'2015-07-22 13:32:51',4,1509),
	(1753,'2015-07-22 13:32:56',7,1509),
	(1754,'2015-07-22 13:32:56',1,1509),
	(1755,'2015-07-22 13:36:14',4,1509),
	(1756,'2015-07-22 13:36:22',3,1509),
	(1757,'2015-07-22 13:36:26',4,1510),
	(1758,'2015-07-22 13:36:38',4,1510),
	(1759,'2015-07-22 13:37:33',4,1511),
	(1760,'2015-07-22 13:37:46',1,1511),
	(1761,'2015-07-22 13:37:46',7,1511),
	(1762,'2015-07-22 13:39:25',4,1512),
	(1763,'2015-07-22 13:39:54',1,1512),
	(1764,'2015-07-22 13:39:54',7,1512),
	(1765,'2015-07-22 13:45:38',4,1513),
	(1766,'2015-07-22 13:45:43',7,1513),
	(1767,'2015-07-22 13:45:43',1,1513),
	(1768,'2015-07-22 13:49:46',4,1514),
	(1769,'2015-07-22 13:50:18',1,1514),
	(1770,'2015-07-22 13:50:18',7,1514),
	(1771,'2015-07-22 13:52:40',4,1515),
	(1772,'2015-07-22 13:52:44',7,1515),
	(1773,'2015-07-22 13:52:44',1,1515),
	(1774,'2015-07-22 13:55:28',4,1516),
	(1775,'2015-07-22 13:55:40',7,1516),
	(1776,'2015-07-22 13:55:40',1,1516),
	(1777,'2015-07-22 13:55:54',4,1516),
	(1778,'2015-07-22 13:55:54',4,1516),
	(1779,'2015-07-22 13:56:02',4,1516),
	(1780,'2015-07-22 14:01:21',4,1517),
	(1781,'2015-07-22 14:02:13',7,1517),
	(1782,'2015-07-22 14:02:13',1,1517),
	(1783,'2015-07-22 14:08:46',4,1518),
	(1784,'2015-07-22 14:09:01',7,1518),
	(1785,'2015-07-22 14:09:11',3,1518),
	(1786,'2015-07-22 14:09:12',3,1518),
	(1787,'2015-07-22 14:09:22',4,1519),
	(1788,'2015-07-22 14:12:49',4,1520),
	(1789,'2015-07-22 14:12:59',3,1520),
	(1790,'2015-07-22 14:13:01',4,1520),
	(1791,'2015-07-22 14:13:03',7,1520),
	(1792,'2015-07-22 14:15:11',4,1521),
	(1793,'2015-07-22 14:15:19',7,1521),
	(1794,'2015-07-22 14:15:19',1,1521),
	(1795,'2015-07-22 14:16:04',4,1523),
	(1796,'2015-07-22 14:16:06',7,1523),
	(1797,'2015-07-22 14:16:06',1,1523),
	(1798,'2015-07-22 14:16:17',4,1524),
	(1799,'2015-07-22 14:20:49',1,1525),
	(1800,'2015-07-22 14:20:49',7,1525),
	(1801,'2015-07-22 14:21:15',4,1526),
	(1802,'2015-07-22 14:22:20',3,1526),
	(1803,'2015-07-22 14:23:39',4,1528),
	(1804,'2015-07-22 14:24:02',3,1528),
	(1805,'2015-07-22 14:24:13',1,1529),
	(1806,'2015-07-22 14:24:13',7,1529),
	(1807,'2015-07-22 14:24:26',4,1530),
	(1808,'2015-07-22 14:30:55',7,1531),
	(1809,'2015-07-22 14:31:04',4,1531),
	(1810,'2015-07-22 14:33:26',4,1532),
	(1811,'2015-07-22 14:33:34',3,1532),
	(1812,'2015-07-22 14:33:38',7,1532),
	(1813,'2015-07-22 14:33:44',4,1532),
	(1814,'2015-07-22 14:36:45',4,1533),
	(1815,'2015-07-22 14:36:48',7,1533),
	(1816,'2015-07-22 14:36:48',1,1533),
	(1817,'2015-07-22 14:36:57',7,1534),
	(1818,'2015-07-22 14:37:03',4,1534),
	(1819,'2015-07-22 14:39:55',7,1535),
	(1820,'2015-07-22 14:39:55',1,1535),
	(1821,'2015-07-22 14:40:05',7,1536),
	(1822,'2015-07-22 14:40:15',7,1536),
	(1823,'2015-07-22 14:40:18',4,1536),
	(1824,'2015-07-22 14:43:54',4,1537),
	(1825,'2015-07-22 14:43:56',7,1537),
	(1826,'2015-07-22 14:43:59',7,1537),
	(1827,'2015-07-22 14:44:01',7,1537),
	(1828,'2015-07-22 14:44:03',7,1537),
	(1829,'2015-07-22 14:44:04',7,1537),
	(1830,'2015-07-22 14:44:05',7,1537),
	(1831,'2015-07-22 14:44:09',7,1537),
	(1832,'2015-07-22 14:44:11',7,1537),
	(1833,'2015-07-22 14:44:13',7,1537),
	(1834,'2015-07-22 14:44:14',7,1537),
	(1835,'2015-07-22 14:44:15',7,1537),
	(1836,'2015-07-22 14:44:19',7,1537),
	(1837,'2015-07-22 14:44:22',7,1537),
	(1838,'2015-07-22 14:44:23',7,1537),
	(1839,'2015-07-22 14:44:25',7,1537),
	(1840,'2015-07-22 14:44:26',7,1537),
	(1841,'2015-07-22 14:44:27',7,1537),
	(1842,'2015-07-22 14:44:49',7,1537),
	(1843,'2015-07-22 14:44:50',7,1537),
	(1844,'2015-07-22 14:44:51',7,1537),
	(1845,'2015-07-22 14:44:52',7,1537),
	(1846,'2015-07-22 14:44:54',7,1537),
	(1847,'2015-07-22 14:44:55',7,1537),
	(1848,'2015-07-22 14:44:56',7,1537),
	(1849,'2015-07-22 15:08:47',3,1537),
	(1850,'2015-07-22 15:31:19',4,1539),
	(1851,'2015-07-22 15:32:34',4,1540),
	(1852,'2015-07-22 15:33:22',4,1541),
	(1853,'2015-07-22 15:34:38',4,1542),
	(1854,'2015-07-22 15:36:46',4,1543),
	(1855,'2015-07-22 15:39:28',4,1544),
	(1856,'2015-07-22 15:47:20',4,1545),
	(1857,'2015-07-22 15:50:57',4,1546),
	(1858,'2015-07-22 15:51:06',3,1546),
	(1859,'2015-07-22 15:51:23',4,1547),
	(1860,'2015-07-22 15:55:17',4,1548),
	(1861,'2015-07-22 16:02:34',4,1550),
	(1862,'2015-07-22 16:04:45',4,1551),
	(1863,'2015-07-22 16:08:37',4,1552),
	(1864,'2015-07-22 16:22:40',3,1552),
	(1865,'2015-07-22 16:33:50',4,1553),
	(1866,'2015-07-22 16:39:43',4,1553),
	(1867,'2015-07-23 09:33:25',4,1554),
	(1868,'2015-07-23 09:34:45',4,1555),
	(1869,'2015-07-23 09:36:30',3,1555),
	(1870,'2015-07-23 09:36:34',4,1556),
	(1871,'2015-07-23 09:36:40',4,1556),
	(1872,'2015-07-23 09:36:44',4,1556),
	(1873,'2015-07-23 09:42:36',4,1556),
	(1874,'2015-07-23 09:42:38',3,1556),
	(1875,'2015-07-23 09:42:46',4,1557),
	(1876,'2015-07-23 09:48:04',4,1557),
	(1877,'2015-07-23 09:49:56',3,1557),
	(1878,'2015-07-23 09:51:42',4,1558),
	(1879,'2015-07-23 09:52:49',4,1559),
	(1880,'2015-07-23 09:56:45',4,1560),
	(1881,'2015-07-23 10:12:52',3,1560),
	(1882,'2015-07-23 10:16:55',4,1560),
	(1883,'2015-07-23 10:18:34',4,1560),
	(1884,'2015-07-23 10:20:38',4,1560),
	(1885,'2015-07-23 10:22:29',3,1560),
	(1886,'2015-07-23 10:23:18',3,1560),
	(1887,'2015-07-23 10:24:16',4,1560),
	(1888,'2015-07-23 10:31:08',3,1560),
	(1889,'2015-07-23 14:09:33',4,1561),
	(1890,'2015-07-23 14:09:46',4,1561),
	(1891,'2015-07-23 14:11:28',4,1561),
	(1892,'2015-07-23 14:13:03',7,1562),
	(1893,'2015-07-23 14:13:06',4,1562),
	(1894,'2015-07-23 14:14:51',7,1563),
	(1895,'2015-07-23 14:14:54',7,1563),
	(1896,'2015-07-23 14:14:57',7,1563),
	(1897,'2015-07-23 14:14:59',7,1563),
	(1898,'2015-07-23 14:15:01',7,1563),
	(1899,'2015-07-23 14:15:06',7,1563),
	(1900,'2015-07-23 14:15:06',1,1563),
	(1901,'2015-07-23 14:15:17',4,1564),
	(1902,'2015-07-28 13:58:11',4,1564),
	(1903,'2015-07-28 13:58:26',3,1564),
	(1904,'2015-07-28 13:58:28',4,1564),
	(1905,'2015-07-28 14:19:46',7,1565),
	(1906,'2015-07-28 14:19:47',4,1565),
	(1907,'2015-07-31 15:57:41',4,1566),
	(1908,'2015-07-31 16:05:12',4,1567),
	(1909,'2015-08-10 17:08:25',3,1567),
	(1910,'2015-08-10 17:36:27',4,1567),
	(1911,'2015-08-10 17:37:05',4,1567),
	(1912,'2015-08-10 17:38:39',4,1567),
	(1913,'2015-08-12 16:10:27',4,1567),
	(1914,'2015-09-10 09:01:20',4,1568),
	(1915,'2015-09-10 09:03:27',4,1568),
	(1916,'2015-09-10 09:06:28',4,1568),
	(1917,'2015-09-10 09:07:10',4,1568),
	(1918,'2015-11-09 09:31:48',4,1568),
	(1919,'2015-11-09 09:31:50',3,1568),
	(1920,'2015-11-09 19:04:37',3,1568),
	(1921,'2015-11-09 19:24:01',4,1569),
	(1922,'2015-11-09 22:42:27',4,1569),
	(1923,'2015-11-09 22:47:15',3,1569),
	(1924,'2015-11-09 22:47:17',4,1569),
	(1925,'2015-11-09 22:48:07',4,1570),
	(1926,'2015-11-09 22:48:11',3,1570),
	(1927,'2015-11-09 22:52:45',4,1573),
	(1928,'2015-11-10 14:09:26',3,1573),
	(1929,'2015-11-10 14:09:27',3,1573),
	(1930,'2015-11-10 14:10:43',3,1573),
	(1931,'2015-11-10 14:10:43',3,1573),
	(1932,'2015-11-10 14:10:49',3,1573),
	(1933,'2015-11-10 14:11:46',4,1573),
	(1934,'2015-11-10 14:25:26',3,1573),
	(1935,'2015-11-10 14:30:19',4,1573),
	(1936,'2015-11-10 14:30:34',3,1573),
	(1937,'2015-11-10 14:31:10',4,1574),
	(1938,'2015-11-10 14:47:34',4,1574),
	(1939,'2015-11-10 15:00:27',4,1574),
	(1940,'2015-11-10 15:04:58',4,1574),
	(1941,'2015-11-10 15:15:02',4,1574),
	(1942,'2015-11-10 15:22:28',4,1574),
	(1943,'2015-11-10 15:34:22',4,1574),
	(1944,'2015-11-10 16:14:40',4,1574),
	(1945,'2015-11-10 16:52:56',4,1574);

/*!40000 ALTER TABLE `interactions` ENABLE KEYS */;
UNLOCK TABLES;


# Dump of table item
# ------------------------------------------------------------

DROP TABLE IF EXISTS `item`;

CREATE TABLE `item` (
  `id` int(11) NOT NULL AUTO_INCREMENT,
  `url` varchar(255) COLLATE utf8_unicode_ci NOT NULL,
  `titre` varchar(255) COLLATE utf8_unicode_ci NOT NULL,
  `note` decimal(5,2) NOT NULL,
  `duree` decimal(6,3) NOT NULL,
  `typeItem` int(2) NOT NULL,
  `nbVues` int(11) NOT NULL,
  `date` date NOT NULL,
  `urlCover` varchar(255) COLLATE utf8_unicode_ci DEFAULT NULL,
  `urlPoster` varchar(255) COLLATE utf8_unicode_ci DEFAULT NULL,
  PRIMARY KEY (`id`)
) ENGINE=InnoDB DEFAULT CHARSET=utf8 COLLATE=utf8_unicode_ci;

LOCK TABLES `item` WRITE;
/*!40000 ALTER TABLE `item` DISABLE KEYS */;

INSERT INTO `item` (`id`, `url`, `titre`, `note`, `duree`, `typeItem`, `nbVues`, `date`, `urlCover`, `urlPoster`)
VALUES
	(20,'38226169','I Need a Dollar',2.50,246.000,1,2547635,'2010-03-16','http://img2-ak.lst.fm/i/u/aa5910abbd4f4120b07bf859583e071f.png','http://userserve-ak.last.fm/serve/300x300/52438563.png'),
	(21,'','Good Things',0.00,0.000,2,6,'2015-11-09','http://img2-ak.lst.fm/i/u/aa5910abbd4f4120b07bf859583e071f.png','http://userserve-ak.last.fm/serve/300x300/52438563.png'),
	(22,'10825505','La Fte Au Village',0.00,251.000,1,14243,'2004-08-02',NULL,'http://images.amazon.com/images/P/B0009K7RL6.01.MZZZZZZZ.jpg'),
	(23,'','Dimanche  Bamako',0.00,0.000,2,0,'2004-08-02',NULL,'http://images.amazon.com/images/P/B0009K7RL6.01.MZZZZZZZ.jpg'),
	(24,'35461223','Don\'t Worry, Be Happy',0.00,291.000,1,907815,'1988-08-22','http://img2-ak.lst.fm/i/u/1aac3ff5369e4fe5988c04be09defc98.png','http://userserve-ak.last.fm/serve/300x300/73632982.png'),
	(25,'','Simple Pleasures',0.00,0.000,2,0,'2015-11-09','http://img2-ak.lst.fm/i/u/1aac3ff5369e4fe5988c04be09defc98.png','http://images.amazon.com/images/P/B0009K7RL6.01.MZZZZZZZ.jpg'),
	(26,'29306921','Sunshine Of Your Love',0.00,250.000,1,3130141,'1967-09-10','http://img2-ak.lst.fm/i/u/711d2ed1a01845f38b944727a4115ff1.png','http://userserve-ak.last.fm/serve/300x300/87037099.png'),
	(27,'','Disraeli Gears',0.00,0.000,2,0,'2015-11-09','http://img2-ak.lst.fm/i/u/711d2ed1a01845f38b944727a4115ff1.png','http://userserve-ak.last.fm/serve/300x300/87037099.png'),
	(28,'/assets/data/Jimi Hendrix - Purple Haze.mp3','Purple Haze',2.00,182.000,1,3774148,'1967-05-12','http://img2-ak.lst.fm/i/u/9bc0f14db345427dc2b9751cf7882a3e.png','http://userserve-ak.last.fm/serve/300x300/103149557.png'),
	(29,'','Are You Experienced',0.00,0.000,2,0,'2015-11-09','http://img2-ak.lst.fm/i/u/9bc0f14db345427dc2b9751cf7882a3e.png','http://userserve-ak.last.fm/serve/300x300/103149557.png'),
	(30,'/assets/data/Jorge Ben - Mas, Que Nada!.mp3','Mas, Que Nada!',0.00,179.000,1,102366,'1963-10-01','http://img2-ak.lst.fm/i/u/0b1107977d1245b3c5aa45786f255ef9.png','http://userserve-ak.last.fm/serve/500/99642759/Samba+Esquema+Novo.png'),
	(31,'','Samba Esquema Novo',0.00,0.000,2,0,'2015-11-09','http://img2-ak.lst.fm/i/u/0b1107977d1245b3c5aa45786f255ef9.png','http://userserve-ak.last.fm/serve/500/99642759/Samba+Esquema+Novo.png'),
	(32,'/assets/data/Led Zeppelin - Kashmir.mp3','Kashmir',0.00,508.000,1,3763210,'2007-11-09','http://img2-ak.lst.fm/i/u/afda1e0f83e94234c22bac691f92b2b0.png',NULL),
	(33,'','Physical Graffiti',0.00,0.000,2,0,'2015-11-09','http://img2-ak.lst.fm/i/u/afda1e0f83e94234c22bac691f92b2b0.png',NULL),
	(34,'/assets/data/Lenny Kravitz - Always On The Run.mp3','Always On The Run',3.00,233.000,1,620099,'1992-07-11','http://img2-ak.lst.fm/i/u/5e1a6fdcfc5e4047c0d0467ac3008560.png',NULL),
	(35,'','Mama Said',0.00,0.000,2,1198847,'2015-11-09','http://img2-ak.lst.fm/i/u/5e1a6fdcfc5e4047c0d0467ac3008560.png',NULL),
	(36,'/assets/data/Michael Jackson - The Way You Love Me.mp3','(I Like) The Way You Love Me',3.00,273.000,1,105349,'2010-12-13','http://img2-ak.lst.fm/i/u/29ad662312e64a5f938f96bcf4b46835.png',NULL),
	(37,'','Michael',0.00,0.000,2,1421062,'2015-11-09','http://img2-ak.lst.fm/i/u/29ad662312e64a5f938f96bcf4b46835.png',NULL),
	(38,'/assets/data/Nina Simone - My Baby Just Cares For Me.mp3','My Baby Just Cares For Me',0.00,221.000,1,1623146,'2011-01-21','http://img2-ak.lst.fm/i/u/7dbd075568444e82a38dd30cba114fd4.png',NULL),
	(39,'','Little Girl Blue',0.00,0.000,2,772801,'2015-11-09','http://img2-ak.lst.fm/i/u/7dbd075568444e82a38dd30cba114fd4.png',NULL),
	(40,'','Delicate Sound Of Thunder (disc 1)',0.00,0.000,2,271829,'2015-11-09','http://img2-ak.lst.fm/i/u/dff69bf9b72e4da49ab63a66e36de810.png',NULL),
	(41,'/assets/data/Delicate Sound Of Thunder/01 Shine On You Crazy Diamond.mp3','Shine on You Crazy Diamond',0.00,719.000,1,0,'1988-11-22','http://img2-ak.lst.fm/i/u/dff69bf9b72e4da49ab63a66e36de810.png',NULL),
	(42,'/assets/data/Delicate Sound Of Thunder/02 Learning To Fly.mp3','Learning To Fly',0.00,291.000,1,1,'1988-11-22','http://img2-ak.lst.fm/i/u/dff69bf9b72e4da49ab63a66e36de810.png',NULL),
	(43,'/assets/data/Delicate Sound Of Thunder/03 Yet Another Movie.mp3','Yet Another Movie',0.00,446.000,1,0,'1988-11-22','http://img2-ak.lst.fm/i/u/dff69bf9b72e4da49ab63a66e36de810.png',NULL),
	(44,'/assets/data/Delicate Sound Of Thunder/04 Round And Around.mp3','Round and Around',0.00,119.000,1,0,'1988-11-22','http://img2-ak.lst.fm/i/u/dff69bf9b72e4da49ab63a66e36de810.png',NULL),
	(45,'/assets/data/Delicate Sound Of Thunder/05 Sorrow.mp3','Sorrow',0.00,566.000,1,0,'1988-11-22','http://img2-ak.lst.fm/i/u/dff69bf9b72e4da49ab63a66e36de810.png',NULL),
	(46,'/assets/data/Delicate Sound Of Thunder/06 The Dogs Of War.mp3','The Dogs of War',0.00,369.000,1,0,'1988-11-22','http://img2-ak.lst.fm/i/u/dff69bf9b72e4da49ab63a66e36de810.png',NULL),
	(47,'/assets/data/Delicate Sound Of Thunder/07 On The Turning Away.mp3','On the Turning Away',0.00,339.000,1,0,'1988-11-22','http://img2-ak.lst.fm/i/u/dff69bf9b72e4da49ab63a66e36de810.png',NULL),
	(48,'','Delicate Sound Of Thunder (disc 2)',0.00,0.000,2,224381,'2015-11-09','http://img2-ak.lst.fm/i/u/2d3ba131a3354a4e9b1019fa2a99a0bb.png',NULL),
	(49,'/assets/data/Delicate Sound Of Thunder/01 One Of These Days.mp3','One of These Days',0.00,374.000,1,0,'1988-11-22','http://img2-ak.lst.fm/i/u/2d3ba131a3354a4e9b1019fa2a99a0bb.png',NULL),
	(50,'/assets/data/Delicate Sound Of Thunder/02 Time.mp3','Time',0.00,427.000,1,0,'1988-11-22','http://img2-ak.lst.fm/i/u/2d3ba131a3354a4e9b1019fa2a99a0bb.png',NULL),
	(51,'/assets/data/Delicate Sound Of Thunder/03 Wish You Were Here.mp3','Wish You Were Here',0.00,280.000,1,0,'1988-11-22','http://img2-ak.lst.fm/i/u/2d3ba131a3354a4e9b1019fa2a99a0bb.png',NULL),
	(52,'/assets/data/Delicate Sound Of Thunder/04 Us & Them.mp3','Us and Them',0.00,471.000,1,0,'1988-11-22','http://img2-ak.lst.fm/i/u/2d3ba131a3354a4e9b1019fa2a99a0bb.png',NULL),
	(53,'/assets/data/Delicate Sound Of Thunder/05 Money.mp3','Money',0.00,402.000,1,0,'1988-11-22','http://img2-ak.lst.fm/i/u/2d3ba131a3354a4e9b1019fa2a99a0bb.png',NULL),
	(54,'/assets/data/Delicate Sound Of Thunder/06 Another Brick In The Wall, Part II.mp3','Another Brick in the Wall, Part II',0.00,198.000,1,0,'1988-11-22',NULL,NULL),
	(55,'/assets/data/Delicate Sound Of Thunder/07 Comfortably Numb.mp3','Comfortably Numb',0.00,538.000,1,0,'1988-11-22','http://img2-ak.lst.fm/i/u/2d3ba131a3354a4e9b1019fa2a99a0bb.png',NULL),
	(56,'/assets/data/Delicate Sound Of Thunder/08 Run Like Hell.mp3','Run Like Hell',0.00,428.000,1,0,'1988-11-22','http://img2-ak.lst.fm/i/u/2d3ba131a3354a4e9b1019fa2a99a0bb.png',NULL),
	(57,'/assets/data/Prince - The Work Pt.1.mp3','The Work Pt.1',0.00,268.000,1,0,'2001-11-20','',NULL),
	(58,'','The Rainbow Children',0.00,0.000,2,0,'2015-11-09',NULL,NULL),
	(164,'','OK Computer',0.00,0.000,2,0,'2015-11-09','http://img2-ak.lst.fm/i/u/62d26c6cb4ac4bdccb8f3a2a0fd55421.png',NULL),
	(165,'Tra.27479642','Karma Police',0.00,261.000,1,0,'2015-05-20','http://img2-ak.lst.fm/i/u/62d26c6cb4ac4bdccb8f3a2a0fd55421.png',NULL),
	(166,'','90 Sweet 90s Hits!',0.00,0.000,2,0,'2015-11-09','',NULL),
	(167,'Tra.151875372','Two Princes',0.00,256.000,1,0,'2015-05-20','',NULL),
	(168,'','Mylo Xyloto',0.00,0.000,2,0,'2015-11-09','http://img2-ak.lst.fm/i/u/bae245ec4dd34384aecd73b0ab0b5ca4.png',NULL),
	(169,'Tra.53426806','Princess of China',0.00,239.000,1,31,'2015-05-20','http://img2-ak.lst.fm/i/u/bae245ec4dd34384aecd73b0ab0b5ca4.png',NULL),
	(170,'','American Oxygen',0.00,0.000,2,0,'2015-11-09','http://img2-ak.lst.fm/i/u/08687989c0923b5338c9da20f1dc2b44.png',NULL),
	(171,'Tra.185239630','American Oxygen',0.00,320.000,1,125,'2015-05-20','http://img2-ak.lst.fm/i/u/08687989c0923b5338c9da20f1dc2b44.png',NULL),
	(172,'','Good Girl Gone Bad: Reloaded',0.00,0.000,2,0,'2015-05-20',NULL,NULL),
	(173,'Tra.21224256','Hate That I Love You Featuring Ne-Yo',0.00,219.000,1,90,'2015-05-20',NULL,NULL),
	(174,'','A Rush Of Blood To The Head',0.00,0.000,2,0,'2015-11-09','http://img2-ak.lst.fm/i/u/84d00c7ea1ec48ebc84cabae1bad75dc.png',NULL),
	(175,'Tra.2732141','Clocks',0.00,307.000,1,32,'2015-05-20','http://img2-ak.lst.fm/i/u/84d00c7ea1ec48ebc84cabae1bad75dc.png',NULL),
	(176,'','Katy Perry - Teenage Dream: The Complete Confection',0.00,0.000,2,0,'2015-11-09','http://img2-ak.lst.fm/i/u/506fd27076864dcdcd101af75e6b6d1b.png',NULL),
	(177,'Tra.54722752','Firework',0.00,227.000,1,4,'2015-05-20','http://img2-ak.lst.fm/i/u/506fd27076864dcdcd101af75e6b6d1b.png',NULL),
	(178,'','Viva La Vida',0.00,0.000,2,0,'2015-11-09','http://img2-ak.lst.fm/i/u/90adf45482f549878d8a8889f82f9634.png',NULL),
	(179,'Tra.21237914','Viva La Vida',0.00,241.000,1,33,'2015-05-20','http://img2-ak.lst.fm/i/u/90adf45482f549878d8a8889f82f9634.png',NULL),
	(180,'','A Sense Of Purpose',0.00,0.000,2,0,'2015-11-09','http://img2-ak.lst.fm/i/u/e17f6fe94a9d4a78bd102b09b4aade30.png',NULL),
	(181,'Tra.19883180','Alias',0.00,289.000,1,2,'2015-05-20','http://img2-ak.lst.fm/i/u/e17f6fe94a9d4a78bd102b09b4aade30.png',NULL),
	(182,'','Eyes Open',0.00,0.000,2,0,'2015-11-09','http://img2-ak.lst.fm/i/u/ba66327ac6694b94bc62bb3bb0aa8a4e.png',NULL),
	(183,'Tra.10117274','Chasing Cars',0.00,268.000,1,22,'2015-05-20','http://img2-ak.lst.fm/i/u/ba66327ac6694b94bc62bb3bb0aa8a4e.png',NULL);

/*!40000 ALTER TABLE `item` ENABLE KEYS */;
UNLOCK TABLES;


# Dump of table itemartiste
# ------------------------------------------------------------

DROP TABLE IF EXISTS `itemartiste`;

CREATE TABLE `itemartiste` (
  `idItem` int(11) NOT NULL,
  `idArtiste` int(11) NOT NULL,
  PRIMARY KEY (`idItem`,`idArtiste`),
  KEY `IDX_E3CDA7036CE67B80` (`idItem`),
  KEY `IDX_E3CDA7038CBE5EBD` (`idArtiste`),
  CONSTRAINT `FK_E3CDA7036CE67B80` FOREIGN KEY (`idItem`) REFERENCES `item` (`id`) ON DELETE CASCADE ON UPDATE CASCADE,
  CONSTRAINT `FK_E3CDA7038CBE5EBD` FOREIGN KEY (`idArtiste`) REFERENCES `artiste` (`id`) ON DELETE CASCADE ON UPDATE CASCADE
) ENGINE=InnoDB DEFAULT CHARSET=utf8 COLLATE=utf8_unicode_ci;

LOCK TABLES `itemartiste` WRITE;
/*!40000 ALTER TABLE `itemartiste` DISABLE KEYS */;

INSERT INTO `itemartiste` (`idItem`, `idArtiste`)
VALUES
	(20,5),
	(21,5),
	(22,6),
	(23,6),
	(24,7),
	(25,7),
	(26,8),
	(27,8),
	(28,9),
	(29,9),
	(30,10),
	(31,10),
	(32,11),
	(33,11),
	(34,12),
	(35,12),
	(36,13),
	(37,13),
	(38,14),
	(39,14),
	(40,15),
	(41,15),
	(42,15),
	(43,15),
	(44,15),
	(45,15),
	(46,15),
	(47,15),
	(48,15),
	(49,15),
	(50,15),
	(51,15),
	(52,15),
	(53,15),
	(54,15),
	(55,15),
	(56,15),
	(164,50),
	(165,50),
	(166,51),
	(167,51),
	(168,52),
	(169,52),
	(170,42),
	(171,42),
	(172,42),
	(173,42),
	(174,52),
	(175,52),
	(176,53),
	(177,53),
	(178,52),
	(179,52),
	(180,54),
	(181,54),
	(182,55),
	(183,55);

/*!40000 ALTER TABLE `itemartiste` ENABLE KEYS */;
UNLOCK TABLES;


# Dump of table itemitem
# ------------------------------------------------------------

DROP TABLE IF EXISTS `itemitem`;

CREATE TABLE `itemitem` (
  `idItem` int(11) NOT NULL,
  `idAlbum` int(11) NOT NULL,
  PRIMARY KEY (`idItem`,`idAlbum`),
  KEY `IDX_B56547D66CE67B80` (`idItem`),
  KEY `IDX_B56547D62E5C2D5E` (`idAlbum`),
  CONSTRAINT `FK_B56547D62E5C2D5E` FOREIGN KEY (`idAlbum`) REFERENCES `item` (`id`) ON DELETE CASCADE ON UPDATE CASCADE,
  CONSTRAINT `FK_B56547D66CE67B80` FOREIGN KEY (`idItem`) REFERENCES `item` (`id`) ON DELETE CASCADE ON UPDATE CASCADE
) ENGINE=InnoDB DEFAULT CHARSET=utf8 COLLATE=utf8_unicode_ci;

LOCK TABLES `itemitem` WRITE;
/*!40000 ALTER TABLE `itemitem` DISABLE KEYS */;

INSERT INTO `itemitem` (`idItem`, `idAlbum`)
VALUES
	(20,21),
	(22,23),
	(24,25),
	(26,27),
	(28,29),
	(30,31),
	(32,33),
	(34,35),
	(36,37),
	(38,39),
	(41,40),
	(42,40),
	(43,40),
	(44,40),
	(45,40),
	(46,40),
	(47,40),
	(49,48),
	(50,48),
	(51,48),
	(52,48),
	(53,48),
	(54,48),
	(55,48),
	(56,48),
	(57,58),
	(165,164),
	(167,166),
	(169,168),
	(171,170),
	(173,172),
	(175,174),
	(177,176),
	(179,178),
	(181,180),
	(183,182);

/*!40000 ALTER TABLE `itemitem` ENABLE KEYS */;
UNLOCK TABLES;


# Dump of table itemplaylist
# ------------------------------------------------------------

DROP TABLE IF EXISTS `itemplaylist`;

CREATE TABLE `itemplaylist` (
  `idPlaylist` int(11) NOT NULL,
  `idItem` int(11) NOT NULL,
  `position` int(11) NOT NULL,
  PRIMARY KEY (`idPlaylist`,`idItem`),
  KEY `IDX_A897D60484213B76` (`idPlaylist`),
  KEY `IDX_A897D6046CE67B80` (`idItem`),
  CONSTRAINT `FK_A897D6046CE67B80` FOREIGN KEY (`idItem`) REFERENCES `item` (`id`) ON DELETE CASCADE,
  CONSTRAINT `itemplaylist_ibfk_1` FOREIGN KEY (`idPlaylist`) REFERENCES `playlist` (`id`) ON DELETE CASCADE
) ENGINE=InnoDB DEFAULT CHARSET=utf8 COLLATE=utf8_unicode_ci;

LOCK TABLES `itemplaylist` WRITE;
/*!40000 ALTER TABLE `itemplaylist` DISABLE KEYS */;

INSERT INTO `itemplaylist` (`idPlaylist`, `idItem`, `position`)
VALUES
	(13,20,2),
	(13,26,0),
	(13,36,1),
	(13,171,4),
	(13,173,5),
	(14,28,0),
	(14,171,1),
	(15,171,0),
	(15,173,1);

/*!40000 ALTER TABLE `itemplaylist` ENABLE KEYS */;
UNLOCK TABLES;


# Dump of table langue
# ------------------------------------------------------------

DROP TABLE IF EXISTS `langue`;

CREATE TABLE `langue` (
  `id` int(11) NOT NULL AUTO_INCREMENT,
  `langue` varchar(25) COLLATE utf8_unicode_ci NOT NULL,
  PRIMARY KEY (`id`)
) ENGINE=InnoDB DEFAULT CHARSET=utf8 COLLATE=utf8_unicode_ci;



# Dump of table limite
# ------------------------------------------------------------

DROP TABLE IF EXISTS `limite`;

CREATE TABLE `limite` (
  `id` int(11) NOT NULL AUTO_INCREMENT,
  `symbole` varchar(5) NOT NULL,
  `valeur` int(11) NOT NULL,
  PRIMARY KEY (`id`)
) ENGINE=InnoDB DEFAULT CHARSET=latin1;



# Dump of table musique
# ------------------------------------------------------------

DROP TABLE IF EXISTS `musique`;

CREATE TABLE `musique` (
  `tempo` decimal(10,3) NOT NULL,
  `mode` int(11) NOT NULL,
  `loudness` decimal(10,3) NOT NULL,
  `energy` decimal(6,6) NOT NULL,
  `hotttness` decimal(6,6) NOT NULL,
  `danceability` decimal(6,6) NOT NULL,
  `idItem` int(11) NOT NULL,
  PRIMARY KEY (`idItem`),
  CONSTRAINT `FK_EE1D56BC6CE67B80` FOREIGN KEY (`idItem`) REFERENCES `item` (`id`) ON DELETE CASCADE
) ENGINE=InnoDB DEFAULT CHARSET=utf8 COLLATE=utf8_unicode_ci;

LOCK TABLES `musique` WRITE;
/*!40000 ALTER TABLE `musique` DISABLE KEYS */;

INSERT INTO `musique` (`tempo`, `mode`, `loudness`, `energy`, `hotttness`, `danceability`, `idItem`)
VALUES
	(98.371,1,-17.350,0.302218,0.620045,0.836937,20),
	(67.461,1,-9.594,0.455032,0.627148,0.571207,24),
	(110.885,1,-8.893,0.746872,0.213081,0.398666,26),
	(107.514,0,-12.218,0.765402,0.496059,0.237216,28),
	(126.936,1,-16.163,0.469271,0.130988,0.605114,30),
	(81.317,1,-10.407,0.587980,0.686660,0.473385,32),
	(172.805,1,-8.720,0.943829,0.411344,0.255491,34),
	(94.993,1,-4.308,0.660312,0.290723,0.627318,36),
	(118.134,0,-12.902,0.316503,0.476703,0.780127,38),
	(145.700,0,-5.353,0.886114,0.437397,0.239181,41),
	(167.728,1,-9.260,0.718753,0.549666,0.452375,42),
	(94.966,1,-16.178,0.472446,0.132812,0.328262,43),
	(160.437,1,-18.411,0.214158,0.209257,0.425402,44),
	(187.048,1,-9.001,0.855369,0.434207,0.184822,45),
	(86.014,1,-13.461,0.562977,0.000000,0.273390,46),
	(101.902,1,-15.370,0.404447,0.000000,0.301497,47),
	(129.006,1,-15.513,0.771783,0.000000,0.302946,49),
	(116.954,0,-6.778,0.803627,0.583845,0.320859,50),
	(127.254,1,-17.004,0.372018,0.739751,0.385285,51),
	(77.661,1,-6.346,0.713515,0.553224,0.263363,52),
	(125.633,0,-9.732,0.513372,0.571099,0.484909,53),
	(107.758,0,-19.573,0.406788,0.651496,0.454217,55),
	(121.587,1,-10.013,0.825633,0.308669,0.602654,56),
	(83.624,0,-13.515,0.399783,0.000000,0.626245,57),
	(74.801,1,-8.687,0.529597,0.654523,0.406995,165),
	(103.545,1,-5.723,0.973232,0.578347,0.554735,167),
	(84.990,1,-6.221,0.690255,0.500392,0.425117,169),
	(79.005,1,-6.268,0.740452,0.677296,0.232892,171),
	(130.979,0,-8.970,0.689801,0.626970,0.598573,175),
	(124.050,0,-6.026,0.714093,0.664858,0.637585,177),
	(137.974,0,-6.834,0.819299,0.267464,0.452137,179),
	(85.000,0,-14.307,0.725375,0.442933,0.485245,181),
	(104.049,1,-16.961,0.279220,0.650054,0.526663,183);

/*!40000 ALTER TABLE `musique` ENABLE KEYS */;
UNLOCK TABLES;


# Dump of table note
# ------------------------------------------------------------

DROP TABLE IF EXISTS `note`;

CREATE TABLE `note` (
  `id` int(11) NOT NULL AUTO_INCREMENT,
  `note` decimal(5,2) NOT NULL,
  `date` date NOT NULL,
  `idUtilisateur` int(11) DEFAULT NULL,
  `idArtiste` int(11) DEFAULT NULL,
  `type` varchar(255) COLLATE utf8_unicode_ci NOT NULL,
  `idItem` int(11) DEFAULT NULL,
  `idTag` int(11) DEFAULT NULL,
  PRIMARY KEY (`id`),
  KEY `IDX_CFBDFA145D419CCB` (`idUtilisateur`),
  KEY `IDX_CFBDFA148CBE5EBD` (`idArtiste`),
  KEY `IDX_CFBDFA146CE67B80` (`idItem`),
  CONSTRAINT `FK_CFBDFA145D419CCB` FOREIGN KEY (`idUtilisateur`) REFERENCES `utilisateur` (`id`),
  CONSTRAINT `FK_CFBDFA146CE67B80` FOREIGN KEY (`idItem`) REFERENCES `item` (`id`) ON DELETE CASCADE,
  CONSTRAINT `FK_CFBDFA148CBE5EBD` FOREIGN KEY (`idArtiste`) REFERENCES `artiste` (`id`)
) ENGINE=InnoDB DEFAULT CHARSET=utf8 COLLATE=utf8_unicode_ci;

LOCK TABLES `note` WRITE;
/*!40000 ALTER TABLE `note` DISABLE KEYS */;

INSERT INTO `note` (`id`, `note`, `date`, `idUtilisateur`, `idArtiste`, `type`, `idItem`, `idTag`)
VALUES
	(1,1.00,'2015-03-31',1,NULL,'2',20,1),
	(2,4.00,'2015-03-31',2,NULL,'2',20,1),
	(3,3.00,'2015-04-01',2,NULL,'0',34,NULL),
	(4,0.00,'2015-04-02',2,NULL,'0',41,NULL),
	(5,2.00,'2015-04-10',2,NULL,'0',28,NULL),
	(6,0.00,'2015-04-14',2,NULL,'0',26,NULL),
	(7,3.00,'2015-04-16',2,NULL,'0',36,NULL),
	(8,0.00,'2015-04-21',2,NULL,'0',24,NULL),
	(9,0.00,'2015-07-28',2,NULL,'2',20,2);

/*!40000 ALTER TABLE `note` ENABLE KEYS */;
UNLOCK TABLES;


# Dump of table notetagitem
# ------------------------------------------------------------

DROP TABLE IF EXISTS `notetagitem`;

CREATE TABLE `notetagitem` (
  `idItem` int(11) NOT NULL,
  `idTag` int(11) NOT NULL,
  `note` decimal(5,2) DEFAULT NULL,
  PRIMARY KEY (`idItem`,`idTag`),
  KEY `idItem` (`idItem`),
  KEY `idTag` (`idTag`),
  CONSTRAINT `notetagitem_ibfk_1` FOREIGN KEY (`idItem`) REFERENCES `item` (`id`) ON DELETE CASCADE,
  CONSTRAINT `notetagitem_ibfk_2` FOREIGN KEY (`idTag`) REFERENCES `tag` (`id`)
) ENGINE=InnoDB DEFAULT CHARSET=utf8 COLLATE=utf8_unicode_ci;



# Dump of table ordre
# ------------------------------------------------------------

DROP TABLE IF EXISTS `ordre`;

CREATE TABLE `ordre` (
  `id` int(11) NOT NULL AUTO_INCREMENT,
  `ordre` int(11) NOT NULL,
  `idAlgorithm` int(11) NOT NULL,
  `idUtilisateur` int(11) NOT NULL,
  `idTest` int(11) NOT NULL,
  PRIMARY KEY (`id`),
  KEY `idAlgorithm` (`idAlgorithm`,`idUtilisateur`,`idTest`),
  KEY `idUtilisateur` (`idUtilisateur`),
  KEY `idTest` (`idTest`),
  CONSTRAINT `ordre_ibfk_1` FOREIGN KEY (`idAlgorithm`) REFERENCES `algorithm` (`id`) ON DELETE CASCADE
) ENGINE=InnoDB DEFAULT CHARSET=latin1;

LOCK TABLES `ordre` WRITE;
/*!40000 ALTER TABLE `ordre` DISABLE KEYS */;

INSERT INTO `ordre` (`id`, `ordre`, `idAlgorithm`, `idUtilisateur`, `idTest`)
VALUES
	(1,2,3,1,87),
	(2,3,7,1,87),
	(3,1,8,1,87),
	(4,2,3,2,87),
	(5,3,7,2,87),
	(6,1,8,2,87),
	(7,1,3,3,87),
	(8,2,7,3,87),
	(9,3,8,3,87),
	(10,3,3,4,87),
	(11,2,7,4,87),
	(12,1,8,4,87),
	(13,2,3,1,88),
	(14,3,7,1,88),
	(15,1,8,1,88),
	(16,3,3,2,88),
	(17,2,7,2,88),
	(18,1,8,2,88),
	(19,1,3,3,88),
	(20,3,7,3,88),
	(21,2,8,3,88),
	(22,3,3,4,88),
	(23,2,7,4,88),
	(24,1,8,4,88),
	(25,1,3,3,90),
	(26,1,3,4,90),
	(27,1,7,1,90),
	(28,1,7,2,90),
	(29,1,3,1,91),
	(30,1,3,2,91),
	(31,1,7,3,91),
	(32,1,7,4,91),
	(33,1,7,1,92),
	(34,2,3,1,92),
	(35,3,8,1,92),
	(36,3,7,2,92),
	(37,1,3,2,92),
	(38,2,8,2,92),
	(39,2,7,3,92),
	(40,3,3,3,92),
	(41,1,8,3,92),
	(42,3,7,4,92),
	(43,1,3,4,92),
	(44,2,8,4,92),
	(45,3,7,1,93),
	(46,2,3,1,93),
	(47,1,8,1,93),
	(48,3,7,2,93),
	(49,2,3,2,93),
	(50,1,8,2,93),
	(51,2,7,3,93),
	(52,1,3,3,93),
	(53,3,8,3,93),
	(54,1,7,4,93),
	(55,3,3,4,93),
	(56,2,8,4,93),
	(57,2,7,1,94),
	(58,3,3,1,94),
	(59,1,8,1,94),
	(60,3,7,2,94),
	(61,1,3,2,94),
	(62,2,8,2,94),
	(63,3,7,3,94),
	(64,2,3,3,94),
	(65,1,8,3,94),
	(66,1,7,4,94),
	(67,2,3,4,94),
	(68,3,8,4,94),
	(69,2,7,1,95),
	(70,1,3,1,95),
	(71,3,8,1,95),
	(72,2,7,2,95),
	(73,1,3,2,95),
	(74,3,8,2,95),
	(75,2,7,3,95),
	(76,3,3,3,95),
	(77,1,8,3,95),
	(78,3,7,4,95),
	(79,2,3,4,95),
	(80,1,8,4,95),
	(81,2,7,1,96),
	(82,1,3,1,96),
	(83,3,8,1,96),
	(84,3,7,2,96),
	(85,1,3,2,96),
	(86,2,8,2,96),
	(87,2,7,3,96),
	(88,3,3,3,96),
	(89,1,8,3,96),
	(90,2,7,4,96),
	(91,1,3,4,96),
	(92,3,8,4,96),
	(93,1,3,1,97),
	(94,1,3,2,97),
	(95,1,7,3,97),
	(96,1,7,4,97),
	(97,3,3,1,98),
	(98,1,7,1,98),
	(99,2,8,1,98),
	(100,2,3,2,98),
	(101,1,7,2,98),
	(102,3,8,2,98),
	(103,1,3,3,98),
	(104,3,7,3,98),
	(105,2,8,3,98),
	(106,2,3,4,98),
	(107,3,7,4,98),
	(108,1,8,4,98),
	(109,1,3,1,99),
	(110,1,3,2,99),
	(111,1,9,3,99),
	(112,1,9,4,99),
	(113,3,3,1,100),
	(114,2,7,1,100),
	(115,1,8,1,100),
	(116,2,3,2,100),
	(117,1,7,2,100),
	(118,3,8,2,100),
	(119,2,3,3,100),
	(120,1,7,3,100),
	(121,3,8,3,100),
	(122,3,3,4,100),
	(123,2,7,4,100),
	(124,1,8,4,100);

/*!40000 ALTER TABLE `ordre` ENABLE KEYS */;
UNLOCK TABLES;


# Dump of table playlist
# ------------------------------------------------------------

DROP TABLE IF EXISTS `playlist`;

CREATE TABLE `playlist` (
  `id` int(11) NOT NULL AUTO_INCREMENT,
  `nom` varchar(25) COLLATE utf8_unicode_ci NOT NULL,
  `dateCreation` date NOT NULL,
  `idUtilisateur` int(11) DEFAULT NULL,
  PRIMARY KEY (`id`),
  KEY `IDX_D782112D5D419CCB` (`idUtilisateur`),
  CONSTRAINT `FK_D782112D5D419CCB` FOREIGN KEY (`idUtilisateur`) REFERENCES `utilisateur` (`id`)
) ENGINE=InnoDB DEFAULT CHARSET=utf8 COLLATE=utf8_unicode_ci;

LOCK TABLES `playlist` WRITE;
/*!40000 ALTER TABLE `playlist` DISABLE KEYS */;

INSERT INTO `playlist` (`id`, `nom`, `dateCreation`, `idUtilisateur`)
VALUES
	(1,'Musique prfre','2015-01-01',1),
	(13,'etude','2015-04-13',2),
	(14,'test','2015-04-27',2),
	(15,'Rhapsody','2015-05-12',2);

/*!40000 ALTER TABLE `playlist` ENABLE KEYS */;
UNLOCK TABLES;


# Dump of table recommandation
# ------------------------------------------------------------

DROP TABLE IF EXISTS `recommandation`;

CREATE TABLE `recommandation` (
  `id` int(11) NOT NULL AUTO_INCREMENT,
  `date` datetime NOT NULL,
  `idUtilisateur` int(11) NOT NULL,
  `idItem` int(11) NOT NULL,
  `idAlgorithme` int(11) NOT NULL,
  PRIMARY KEY (`id`),
  KEY `idUtilisateur` (`idUtilisateur`),
  KEY `idItem` (`idItem`),
  KEY `idAlgorithme` (`idAlgorithme`),
  CONSTRAINT `recommandation_ibfk_1` FOREIGN KEY (`idUtilisateur`) REFERENCES `utilisateur` (`id`) ON DELETE CASCADE,
  CONSTRAINT `recommandation_ibfk_2` FOREIGN KEY (`idItem`) REFERENCES `item` (`id`) ON DELETE CASCADE,
  CONSTRAINT `recommandation_ibfk_3` FOREIGN KEY (`idAlgorithme`) REFERENCES `algorithm` (`id`) ON DELETE CASCADE
) ENGINE=InnoDB DEFAULT CHARSET=latin1;

LOCK TABLES `recommandation` WRITE;
/*!40000 ALTER TABLE `recommandation` DISABLE KEYS */;

INSERT INTO `recommandation` (`id`, `date`, `idUtilisateur`, `idItem`, `idAlgorithme`)
VALUES
	(113,'2015-06-24 14:34:42',3,171,3),
	(114,'2015-06-24 14:34:42',3,173,3),
	(115,'2015-06-24 14:34:42',3,169,3),
	(116,'2015-06-24 14:34:42',3,183,3),
	(117,'2015-06-24 14:34:42',3,57,3),
	(118,'2015-06-24 14:34:43',3,49,3),
	(119,'2015-06-24 14:34:43',3,53,3),
	(120,'2015-06-24 14:34:43',3,50,3),
	(121,'2015-06-24 14:34:43',3,41,3),
	(122,'2015-06-24 14:34:43',3,44,3),
	(125,'2015-06-24 16:17:59',2,171,3),
	(126,'2015-06-24 16:17:59',2,173,3),
	(127,'2015-06-24 16:17:59',2,169,3),
	(128,'2015-06-24 16:17:59',2,183,3),
	(129,'2015-06-24 16:17:59',2,57,3),
	(130,'2015-06-24 16:17:59',2,49,3),
	(131,'2015-06-24 16:17:59',2,53,3),
	(132,'2015-06-24 16:17:59',2,50,3),
	(133,'2015-06-24 16:17:59',2,44,3),
	(134,'2015-06-24 16:17:59',2,41,3),
	(135,'2015-07-06 10:36:37',2,170,8),
	(136,'2015-07-06 10:36:37',2,36,7),
	(137,'2015-07-06 10:36:37',2,171,8),
	(138,'2015-07-06 10:36:37',2,172,8),
	(139,'2015-07-06 10:36:37',2,173,8),
	(143,'2015-07-06 10:48:17',2,175,7),
	(144,'2015-07-06 10:52:20',2,42,7),
	(145,'2015-07-06 10:53:15',2,51,7),
	(146,'2015-07-06 11:00:14',2,44,7),
	(147,'2015-07-06 11:06:08',2,54,7),
	(148,'2015-07-06 11:27:28',2,169,7),
	(149,'2015-07-06 11:32:18',2,43,7),
	(150,'2015-07-06 14:00:10',2,55,7),
	(151,'2015-07-06 14:03:05',2,52,7),
	(152,'2015-07-06 14:29:40',2,20,7),
	(153,'2015-07-06 14:33:11',2,46,7),
	(154,'2015-07-06 14:55:33',2,53,7),
	(155,'2015-07-06 14:57:15',2,56,7),
	(156,'2015-07-06 15:19:01',2,165,7),
	(157,'2015-07-06 15:40:18',2,50,7),
	(158,'2015-07-06 15:49:30',2,34,7),
	(159,'2015-07-06 15:55:17',2,41,7),
	(160,'2015-07-06 16:06:11',2,181,7),
	(161,'2015-07-06 16:18:25',2,38,7),
	(162,'2015-07-06 16:31:50',2,24,7),
	(163,'2015-07-07 09:37:58',2,49,7),
	(164,'2015-07-07 10:28:36',2,45,7),
	(165,'2015-07-07 10:49:43',2,167,7),
	(166,'2015-07-07 11:01:22',2,47,7),
	(167,'2015-07-07 11:45:38',2,179,7),
	(168,'2015-07-07 11:57:32',2,173,7),
	(169,'2015-07-07 13:37:42',2,171,7),
	(170,'2015-07-07 13:38:58',2,22,7),
	(171,'2015-07-07 14:11:44',2,32,7),
	(172,'2015-07-07 15:03:38',2,30,7),
	(173,'2015-07-08 13:29:25',2,183,7),
	(174,'2015-07-08 16:14:26',2,57,7),
	(175,'2015-07-09 14:03:10',2,177,7),
	(176,'2015-07-09 15:17:09',2,26,7),
	(177,'2015-07-09 16:37:22',2,28,7),
	(178,'2015-07-15 14:16:26',2,171,8),
	(179,'2015-07-15 14:16:26',2,38,7),
	(180,'2015-07-15 14:16:26',2,173,8),
	(181,'2015-07-15 14:16:26',2,171,3),
	(182,'2015-07-15 18:59:16',2,171,8),
	(183,'2015-07-15 18:59:16',2,173,8),
	(184,'2015-07-15 18:59:16',2,171,7),
	(185,'2015-07-15 18:59:16',2,173,7),
	(186,'2015-07-15 18:59:16',2,55,7),
	(187,'2015-07-15 18:59:16',2,171,3),
	(188,'2015-07-15 18:59:16',2,173,3),
	(189,'2015-07-15 18:59:16',2,55,3),
	(190,'2015-07-15 18:59:16',2,171,3),
	(191,'2015-07-15 19:00:47',2,171,8),
	(192,'2015-07-15 19:00:47',2,173,8),
	(193,'2015-07-15 19:00:47',2,171,7),
	(194,'2015-07-15 19:00:47',2,173,7),
	(195,'2015-07-15 19:00:47',2,45,7),
	(196,'2015-07-15 19:00:48',2,171,3),
	(197,'2015-07-15 19:00:48',2,173,3),
	(198,'2015-07-15 19:00:48',2,45,3),
	(199,'2015-07-15 19:00:48',2,171,3),
	(200,'2015-07-15 19:41:17',2,171,8),
	(201,'2015-07-15 19:41:17',2,173,8),
	(202,'2015-07-15 19:41:17',2,171,7),
	(203,'2015-07-15 19:41:17',2,173,7),
	(204,'2015-07-15 19:41:17',2,43,7),
	(205,'2015-07-15 19:41:17',2,171,3),
	(206,'2015-07-15 19:41:17',2,173,3),
	(207,'2015-07-15 19:41:17',2,43,3),
	(208,'2015-07-15 19:41:17',2,171,3),
	(209,'2015-07-15 19:41:35',2,171,8),
	(210,'2015-07-15 19:41:35',2,173,8),
	(211,'2015-07-15 19:41:35',2,171,7),
	(212,'2015-07-15 19:41:35',2,173,7),
	(213,'2015-07-15 19:41:35',2,26,7),
	(214,'2015-07-15 19:41:35',2,171,3),
	(215,'2015-07-15 19:41:35',2,173,3),
	(216,'2015-07-15 19:41:35',2,26,3),
	(217,'2015-07-15 19:41:35',2,171,3),
	(218,'2015-07-15 22:00:33',2,171,8),
	(219,'2015-07-15 22:00:33',2,173,8),
	(220,'2015-07-15 22:00:33',2,171,7),
	(221,'2015-07-15 22:00:33',2,173,7),
	(222,'2015-07-15 22:00:33',2,45,7),
	(223,'2015-07-15 22:00:33',2,171,3),
	(224,'2015-07-15 22:00:33',2,173,3),
	(225,'2015-07-15 22:00:33',2,45,3),
	(226,'2015-07-15 22:00:33',2,171,3),
	(227,'2015-07-15 22:02:50',2,171,8),
	(228,'2015-07-15 22:02:50',2,173,8),
	(229,'2015-07-15 22:02:50',2,171,7),
	(230,'2015-07-15 22:02:50',2,173,7),
	(231,'2015-07-15 22:02:50',2,53,7),
	(232,'2015-07-15 22:02:50',2,171,3),
	(233,'2015-07-15 22:02:50',2,173,3),
	(234,'2015-07-15 22:02:50',2,53,3),
	(235,'2015-07-15 22:02:50',2,171,3),
	(236,'2015-07-15 22:03:37',2,171,8),
	(237,'2015-07-15 22:03:37',2,173,8),
	(238,'2015-07-15 22:03:37',2,171,7),
	(239,'2015-07-15 22:03:37',2,173,7),
	(240,'2015-07-15 22:03:37',2,53,7),
	(241,'2015-07-15 22:03:37',2,171,3),
	(242,'2015-07-15 22:03:37',2,173,3),
	(243,'2015-07-15 22:03:37',2,53,3),
	(244,'2015-07-15 22:03:37',2,171,3),
	(245,'2015-07-15 22:06:09',2,171,8),
	(246,'2015-07-15 22:06:09',2,173,8),
	(247,'2015-07-15 22:06:09',2,171,7),
	(248,'2015-07-15 22:06:09',2,173,7),
	(249,'2015-07-15 22:06:09',2,34,7),
	(250,'2015-07-15 22:06:09',2,171,3),
	(251,'2015-07-15 22:06:09',2,173,3),
	(252,'2015-07-15 22:06:09',2,34,3),
	(253,'2015-07-15 22:06:09',2,171,3),
	(254,'2015-07-15 22:06:54',2,171,8),
	(255,'2015-07-15 22:06:54',2,173,8),
	(256,'2015-07-15 22:06:54',2,171,7),
	(257,'2015-07-15 22:06:54',2,173,7),
	(258,'2015-07-15 22:06:54',2,34,7),
	(259,'2015-07-15 22:06:54',2,171,3),
	(260,'2015-07-15 22:06:54',2,173,3),
	(261,'2015-07-15 22:06:54',2,34,3),
	(262,'2015-07-15 22:06:54',2,171,3),
	(263,'2015-07-15 22:07:10',2,171,8),
	(264,'2015-07-15 22:07:10',2,173,8),
	(265,'2015-07-15 22:07:10',2,171,7),
	(266,'2015-07-15 22:07:10',2,173,7),
	(267,'2015-07-15 22:07:10',2,41,7),
	(268,'2015-07-15 22:07:10',2,171,3),
	(269,'2015-07-15 22:07:10',2,173,3),
	(270,'2015-07-15 22:07:10',2,41,3),
	(271,'2015-07-15 22:07:10',2,171,3),
	(272,'2015-07-15 22:07:51',2,171,8),
	(273,'2015-07-15 22:07:51',2,173,8),
	(274,'2015-07-15 22:07:51',2,171,7),
	(275,'2015-07-15 22:07:51',2,173,7),
	(276,'2015-07-15 22:07:51',2,50,7),
	(277,'2015-07-15 22:07:51',2,171,3),
	(278,'2015-07-15 22:07:51',2,173,3),
	(279,'2015-07-15 22:07:51',2,50,3),
	(280,'2015-07-15 22:07:51',2,171,3),
	(281,'2015-07-15 22:08:02',2,171,8),
	(282,'2015-07-15 22:08:02',2,173,8),
	(283,'2015-07-15 22:08:02',2,171,7),
	(284,'2015-07-15 22:08:02',2,173,7),
	(285,'2015-07-15 22:08:02',2,167,7),
	(286,'2015-07-15 22:08:02',2,171,3),
	(287,'2015-07-15 22:08:02',2,173,3),
	(288,'2015-07-15 22:08:02',2,167,3),
	(289,'2015-07-15 22:08:02',2,171,3),
	(290,'2015-07-15 22:08:12',2,171,8),
	(291,'2015-07-15 22:08:12',2,173,8),
	(292,'2015-07-15 22:08:12',2,171,7),
	(293,'2015-07-15 22:08:12',2,173,7),
	(294,'2015-07-15 22:08:12',2,34,7),
	(295,'2015-07-15 22:08:12',2,171,3),
	(296,'2015-07-15 22:08:12',2,173,3),
	(297,'2015-07-15 22:08:12',2,34,3),
	(298,'2015-07-15 22:08:12',2,171,3),
	(299,'2015-07-15 22:09:13',2,171,8),
	(300,'2015-07-15 22:09:13',2,173,8),
	(301,'2015-07-15 22:09:13',2,171,7),
	(302,'2015-07-15 22:09:13',2,173,7),
	(303,'2015-07-15 22:09:13',2,55,7),
	(304,'2015-07-15 22:09:13',2,171,3),
	(305,'2015-07-15 22:09:13',2,173,3),
	(306,'2015-07-15 22:09:13',2,55,3),
	(307,'2015-07-15 22:09:13',2,171,3),
	(308,'2015-07-16 09:07:22',2,171,8),
	(309,'2015-07-16 09:07:22',2,171,8),
	(310,'2015-07-16 09:07:22',2,171,8),
	(311,'2015-07-16 09:07:22',2,173,8),
	(312,'2015-07-16 09:07:22',2,173,8),
	(313,'2015-07-16 09:07:22',2,173,8),
	(314,'2015-07-16 09:07:22',2,171,7),
	(315,'2015-07-16 09:07:22',2,171,7),
	(316,'2015-07-16 09:07:22',2,173,7),
	(317,'2015-07-16 09:07:22',2,173,7),
	(318,'2015-07-16 09:07:22',2,167,7),
	(319,'2015-07-16 09:07:22',2,43,7),
	(320,'2015-07-16 09:07:22',2,171,7),
	(321,'2015-07-16 09:07:22',2,173,7),
	(322,'2015-07-16 09:07:22',2,56,7),
	(323,'2015-07-16 09:07:22',2,171,3),
	(324,'2015-07-16 09:07:22',2,171,3),
	(325,'2015-07-16 09:07:22',2,173,3),
	(326,'2015-07-16 09:07:22',2,173,3),
	(327,'2015-07-16 09:07:22',2,56,3),
	(328,'2015-07-16 09:07:22',2,167,3),
	(329,'2015-07-16 09:07:22',2,171,3),
	(330,'2015-07-16 09:07:22',2,171,3),
	(331,'2015-07-16 09:07:22',2,171,3),
	(332,'2015-07-16 09:07:22',2,173,3),
	(333,'2015-07-16 09:07:22',2,43,3),
	(334,'2015-07-16 09:07:22',2,171,3),
	(335,'2015-07-16 09:10:21',2,171,8),
	(336,'2015-07-16 09:10:21',2,173,8),
	(337,'2015-07-16 09:10:21',2,171,7),
	(338,'2015-07-16 09:10:21',2,173,7),
	(339,'2015-07-16 09:10:21',2,43,7),
	(340,'2015-07-16 09:10:21',2,171,3),
	(341,'2015-07-16 09:10:21',2,173,3),
	(342,'2015-07-16 09:10:21',2,43,3),
	(343,'2015-07-16 09:10:21',2,171,3),
	(344,'2015-07-16 09:12:44',2,171,8),
	(345,'2015-07-16 09:12:44',2,173,8),
	(346,'2015-07-16 09:12:44',2,171,7),
	(347,'2015-07-16 09:12:44',2,173,7),
	(348,'2015-07-16 09:12:44',2,26,7),
	(349,'2015-07-16 09:12:44',2,171,3),
	(350,'2015-07-16 09:12:44',2,173,3),
	(351,'2015-07-16 09:12:44',2,26,3),
	(352,'2015-07-16 09:12:44',2,171,3),
	(353,'2015-07-16 09:17:06',2,171,8),
	(354,'2015-07-16 09:17:06',2,173,8),
	(355,'2015-07-16 09:17:06',2,171,7),
	(356,'2015-07-16 09:17:06',2,173,7),
	(357,'2015-07-16 09:17:06',2,177,7),
	(358,'2015-07-16 09:17:06',2,171,3),
	(359,'2015-07-16 09:17:06',2,173,3),
	(360,'2015-07-16 09:17:06',2,177,3),
	(361,'2015-07-16 09:17:06',2,171,3),
	(362,'2015-07-16 09:18:08',2,171,8),
	(363,'2015-07-16 09:18:08',2,173,8),
	(364,'2015-07-16 09:18:08',2,171,7),
	(365,'2015-07-16 09:18:08',2,173,7),
	(366,'2015-07-16 09:18:08',2,44,7),
	(367,'2015-07-16 09:18:08',2,171,3),
	(368,'2015-07-16 09:18:08',2,173,3),
	(369,'2015-07-16 09:18:08',2,44,3),
	(370,'2015-07-16 09:18:08',2,171,3),
	(371,'2015-07-16 09:20:15',2,171,8),
	(372,'2015-07-16 09:20:15',2,173,8),
	(373,'2015-07-16 09:20:15',2,171,7),
	(374,'2015-07-16 09:20:15',2,173,7),
	(375,'2015-07-16 09:20:15',2,179,7),
	(376,'2015-07-16 09:20:15',2,171,3),
	(377,'2015-07-16 09:20:15',2,173,3),
	(378,'2015-07-16 09:20:15',2,179,3),
	(379,'2015-07-16 09:20:15',2,171,3),
	(380,'2015-07-16 09:25:41',2,171,8),
	(381,'2015-07-16 09:25:41',2,173,8),
	(382,'2015-07-16 09:25:41',2,171,7),
	(383,'2015-07-16 09:25:41',2,173,7),
	(384,'2015-07-16 09:25:41',2,53,7),
	(385,'2015-07-16 09:25:42',2,171,3),
	(386,'2015-07-16 09:25:42',2,173,3),
	(387,'2015-07-16 09:25:42',2,53,3),
	(388,'2015-07-16 09:25:42',2,171,3),
	(389,'2015-07-16 09:29:25',2,171,8),
	(390,'2015-07-16 09:29:25',2,173,8),
	(391,'2015-07-16 09:29:25',2,171,7),
	(392,'2015-07-16 09:29:25',2,173,7),
	(393,'2015-07-16 09:29:25',2,181,7),
	(394,'2015-07-16 09:29:26',2,171,3),
	(395,'2015-07-16 09:29:26',2,173,3),
	(396,'2015-07-16 09:29:26',2,181,3),
	(397,'2015-07-16 09:29:26',2,171,3),
	(398,'2015-07-16 09:32:12',2,171,8),
	(399,'2015-07-16 09:32:12',2,173,8),
	(400,'2015-07-16 09:32:12',2,171,7),
	(401,'2015-07-16 09:32:12',2,173,7),
	(402,'2015-07-16 09:32:12',2,165,7),
	(403,'2015-07-16 09:32:12',2,171,3),
	(404,'2015-07-16 09:32:12',2,173,3),
	(405,'2015-07-16 09:32:12',2,165,3),
	(406,'2015-07-16 09:32:12',2,171,3),
	(407,'2015-07-16 09:32:44',2,171,8),
	(408,'2015-07-16 09:32:44',2,173,8),
	(409,'2015-07-16 09:32:44',2,171,7),
	(410,'2015-07-16 09:32:44',2,173,7),
	(411,'2015-07-16 09:32:44',2,50,7),
	(412,'2015-07-16 09:32:44',2,171,3),
	(413,'2015-07-16 09:32:44',2,173,3),
	(414,'2015-07-16 09:32:44',2,50,3),
	(415,'2015-07-16 09:32:44',2,171,3),
	(416,'2015-07-16 09:33:16',2,171,8),
	(417,'2015-07-16 09:33:16',2,173,8),
	(418,'2015-07-16 09:33:16',2,171,7),
	(419,'2015-07-16 09:33:16',2,173,7),
	(420,'2015-07-16 09:33:16',2,49,7),
	(421,'2015-07-16 09:33:16',2,171,3),
	(422,'2015-07-16 09:33:16',2,173,3),
	(423,'2015-07-16 09:33:16',2,49,3),
	(424,'2015-07-16 09:33:16',2,171,3),
	(425,'2015-07-16 09:44:43',2,171,8),
	(426,'2015-07-16 09:44:43',2,171,7),
	(427,'2015-07-16 09:44:43',2,171,3),
	(428,'2015-07-16 10:02:48',2,171,8),
	(429,'2015-07-16 10:02:48',2,171,7),
	(430,'2015-07-16 10:02:48',2,171,3),
	(431,'2015-07-16 10:11:29',2,171,8),
	(432,'2015-07-16 10:11:29',2,171,7),
	(433,'2015-07-16 10:11:29',2,171,3),
	(434,'2015-07-16 10:12:32',2,171,8),
	(435,'2015-07-16 10:12:32',2,171,7),
	(436,'2015-07-16 10:12:32',2,171,3),
	(437,'2015-07-16 10:15:48',2,171,8),
	(438,'2015-07-16 10:15:48',2,171,7),
	(439,'2015-07-16 10:15:48',2,171,3),
	(440,'2015-07-16 10:29:42',2,171,8),
	(441,'2015-07-16 10:29:42',2,171,7),
	(442,'2015-07-16 10:29:42',2,26,7),
	(443,'2015-07-16 10:29:42',2,171,3),
	(444,'2015-07-16 10:29:42',2,26,3),
	(445,'2015-07-16 10:29:42',2,173,3),
	(446,'2015-07-16 10:30:27',2,171,8),
	(447,'2015-07-16 10:30:27',2,171,7),
	(448,'2015-07-16 10:30:27',2,28,7),
	(449,'2015-07-16 10:30:28',2,171,3),
	(450,'2015-07-16 10:30:28',2,28,3),
	(451,'2015-07-16 10:30:28',2,173,3),
	(452,'2015-07-16 10:47:07',2,171,8),
	(453,'2015-07-16 10:47:07',2,173,8),
	(454,'2015-07-16 10:47:07',2,171,7),
	(455,'2015-07-16 10:47:07',2,173,7),
	(456,'2015-07-16 10:47:07',2,45,7),
	(457,'2015-07-16 10:47:07',2,171,3),
	(458,'2015-07-16 10:47:07',2,173,3),
	(459,'2015-07-16 10:47:07',2,45,3),
	(460,'2015-07-16 10:47:07',2,183,3),
	(461,'2015-07-16 10:47:45',2,183,8),
	(462,'2015-07-16 10:47:45',2,171,8),
	(463,'2015-07-16 10:47:45',2,183,7),
	(464,'2015-07-16 10:47:45',2,171,7),
	(465,'2015-07-16 10:47:45',2,22,7),
	(466,'2015-07-16 10:47:45',2,183,3),
	(467,'2015-07-16 10:47:45',2,171,3),
	(468,'2015-07-16 10:47:45',2,22,3),
	(469,'2015-07-16 10:47:45',2,173,3),
	(470,'2015-07-16 14:01:52',2,171,3),
	(471,'2015-07-16 14:01:52',2,173,3),
	(472,'2015-07-16 14:10:44',2,173,3),
	(473,'2015-07-16 14:10:44',2,171,3),
	(474,'2015-07-16 14:21:50',2,173,3),
	(475,'2015-07-16 14:21:50',2,171,3),
	(476,'2015-07-16 14:25:07',2,171,3),
	(477,'2015-07-16 14:25:07',2,173,3),
	(478,'2015-07-16 14:27:15',2,171,3),
	(479,'2015-07-16 14:27:15',2,173,3),
	(480,'2015-07-16 14:45:03',2,171,3),
	(481,'2015-07-16 14:45:03',2,173,3),
	(482,'2015-07-16 14:59:27',2,173,3),
	(483,'2015-07-16 14:59:27',2,171,3),
	(484,'2015-07-16 14:59:28',2,173,3),
	(485,'2015-07-16 14:59:28',2,171,3),
	(486,'2015-07-16 15:00:51',2,173,3),
	(487,'2015-07-16 15:00:51',2,171,3),
	(488,'2015-07-16 15:01:24',2,171,3),
	(489,'2015-07-16 15:01:24',2,173,3),
	(490,'2015-07-16 15:01:55',2,173,3),
	(491,'2015-07-16 15:01:55',2,171,3),
	(492,'2015-07-16 15:16:13',2,171,3),
	(493,'2015-07-16 15:16:13',2,173,3),
	(494,'2015-07-16 15:23:10',2,171,3),
	(495,'2015-07-16 15:23:10',2,173,3),
	(496,'2015-07-16 15:28:14',2,171,3),
	(497,'2015-07-16 15:28:14',2,173,3),
	(498,'2015-07-16 15:28:30',2,173,3),
	(499,'2015-07-16 15:28:30',2,171,3),
	(500,'2015-07-16 15:29:05',2,171,3),
	(501,'2015-07-16 15:29:05',2,173,3),
	(502,'2015-07-16 15:31:47',2,173,3),
	(503,'2015-07-16 15:31:47',2,171,3),
	(504,'2015-07-16 15:41:23',2,171,3),
	(505,'2015-07-16 15:41:23',2,173,3),
	(506,'2015-07-16 15:41:33',2,171,3),
	(507,'2015-07-16 15:41:33',2,173,3),
	(508,'2015-07-16 15:41:40',2,173,3),
	(509,'2015-07-16 15:41:40',2,171,3),
	(510,'2015-07-16 15:41:44',2,173,3),
	(511,'2015-07-16 15:41:44',2,171,3),
	(512,'2015-07-16 21:24:39',2,171,3),
	(513,'2015-07-16 21:24:39',2,173,3),
	(514,'2015-07-17 10:13:57',2,171,3),
	(515,'2015-07-17 10:13:57',2,173,3),
	(516,'2015-07-17 10:16:06',2,173,3),
	(517,'2015-07-17 10:16:06',2,171,3),
	(518,'2015-07-17 10:16:37',2,171,3),
	(519,'2015-07-17 10:16:37',2,173,3),
	(520,'2015-07-17 10:24:36',2,173,3),
	(521,'2015-07-17 10:24:36',2,171,3),
	(522,'2015-07-17 11:13:38',2,173,3),
	(523,'2015-07-17 11:13:38',2,171,3),
	(524,'2015-07-17 11:22:00',2,173,7),
	(525,'2015-07-17 11:22:00',2,52,7),
	(526,'2015-07-17 11:22:00',2,173,3),
	(527,'2015-07-17 11:22:00',2,52,3),
	(528,'2015-07-17 11:22:00',2,171,3),
	(529,'2015-07-17 11:22:00',2,173,8),
	(530,'2015-07-17 11:22:00',2,52,8),
	(531,'2015-07-17 11:22:00',2,171,8),
	(532,'2015-07-17 11:23:51',2,171,7),
	(533,'2015-07-17 11:23:51',2,57,7),
	(534,'2015-07-17 11:23:51',2,171,3),
	(535,'2015-07-17 11:23:51',2,57,3),
	(536,'2015-07-17 11:23:51',2,173,3),
	(537,'2015-07-17 11:23:51',2,171,8),
	(538,'2015-07-17 11:23:51',2,57,8),
	(539,'2015-07-17 11:23:51',2,173,8),
	(540,'2015-07-17 11:59:44',2,173,7),
	(541,'2015-07-17 11:59:44',2,41,7),
	(542,'2015-07-17 11:59:44',2,173,3),
	(543,'2015-07-17 11:59:44',2,41,3),
	(544,'2015-07-17 11:59:44',2,171,3),
	(545,'2015-07-17 11:59:44',2,173,8),
	(546,'2015-07-17 11:59:44',2,41,8),
	(547,'2015-07-17 11:59:44',2,171,8),
	(548,'2015-07-17 15:44:54',2,171,7),
	(549,'2015-07-17 15:44:54',2,55,7),
	(550,'2015-07-17 15:44:54',2,171,3),
	(551,'2015-07-17 15:44:54',2,55,3),
	(552,'2015-07-17 15:44:54',2,173,3),
	(553,'2015-07-17 15:44:54',2,171,8),
	(554,'2015-07-17 15:44:54',2,55,8),
	(555,'2015-07-17 15:44:54',2,173,8),
	(556,'2015-07-17 15:46:16',2,171,7),
	(557,'2015-07-17 15:46:16',2,183,7),
	(558,'2015-07-17 15:46:16',2,171,3),
	(559,'2015-07-17 15:46:16',2,183,3),
	(560,'2015-07-17 15:46:16',2,173,3),
	(561,'2015-07-17 15:46:16',2,171,8),
	(562,'2015-07-17 15:46:16',2,183,8),
	(563,'2015-07-17 15:46:16',2,173,8),
	(564,'2015-07-20 09:06:06',2,171,7),
	(565,'2015-07-20 09:06:06',2,167,7),
	(566,'2015-07-20 09:06:06',2,171,3),
	(567,'2015-07-20 09:06:06',2,167,3),
	(568,'2015-07-20 09:06:06',2,173,3),
	(569,'2015-07-20 09:06:06',2,171,8),
	(570,'2015-07-20 09:06:06',2,167,8),
	(571,'2015-07-20 09:06:06',2,173,8),
	(572,'2015-07-20 09:07:56',2,173,7),
	(573,'2015-07-20 09:07:56',2,20,7),
	(574,'2015-07-20 09:07:57',2,173,3),
	(575,'2015-07-20 09:07:57',2,20,3),
	(576,'2015-07-20 09:07:57',2,171,3),
	(577,'2015-07-20 09:07:57',2,173,8),
	(578,'2015-07-20 09:07:57',2,20,8),
	(579,'2015-07-20 09:07:57',2,171,8),
	(580,'2015-07-20 09:09:42',2,173,7),
	(581,'2015-07-20 09:09:42',2,183,7),
	(582,'2015-07-20 09:09:42',2,173,3),
	(583,'2015-07-20 09:09:42',2,183,3),
	(584,'2015-07-20 09:09:42',2,171,3),
	(585,'2015-07-20 09:09:42',2,173,8),
	(586,'2015-07-20 09:09:42',2,183,8),
	(587,'2015-07-20 09:09:42',2,171,8),
	(588,'2015-07-20 09:13:22',2,173,7),
	(589,'2015-07-20 09:13:22',2,54,7),
	(590,'2015-07-20 09:13:22',2,173,3),
	(591,'2015-07-20 09:13:22',2,54,3),
	(592,'2015-07-20 09:13:22',2,171,3),
	(593,'2015-07-20 09:13:22',2,173,8),
	(594,'2015-07-20 09:13:22',2,54,8),
	(595,'2015-07-20 09:13:22',2,171,8),
	(596,'2015-07-20 09:15:44',2,171,7),
	(597,'2015-07-20 09:15:44',2,49,7),
	(598,'2015-07-20 09:15:45',2,171,3),
	(599,'2015-07-20 09:15:45',2,49,3),
	(600,'2015-07-20 09:15:45',2,173,3),
	(601,'2015-07-20 09:15:45',2,171,8),
	(602,'2015-07-20 09:15:45',2,49,8),
	(603,'2015-07-20 09:15:45',2,173,8),
	(604,'2015-07-20 09:20:02',2,175,7),
	(605,'2015-07-20 09:20:02',2,42,7),
	(606,'2015-07-20 09:20:02',2,175,3),
	(607,'2015-07-20 09:20:02',2,42,3),
	(608,'2015-07-20 09:20:02',2,171,3),
	(609,'2015-07-20 09:20:02',2,175,8),
	(610,'2015-07-20 09:20:02',2,42,8),
	(611,'2015-07-20 09:20:02',2,171,8),
	(612,'2015-07-20 09:20:02',2,173,8),
	(613,'2015-07-20 09:20:57',2,171,7),
	(614,'2015-07-20 09:20:57',2,26,7),
	(615,'2015-07-20 09:20:58',2,171,3),
	(616,'2015-07-20 09:20:58',2,26,3),
	(617,'2015-07-20 09:20:58',2,173,3),
	(618,'2015-07-20 09:20:58',2,171,8),
	(619,'2015-07-20 09:20:58',2,26,8),
	(620,'2015-07-20 09:20:58',2,173,8),
	(621,'2015-07-20 09:20:58',2,169,8),
	(622,'2015-07-20 09:23:01',2,175,7),
	(623,'2015-07-20 09:23:01',2,32,7),
	(624,'2015-07-20 09:23:01',2,175,3),
	(625,'2015-07-20 09:23:01',2,32,3),
	(626,'2015-07-20 09:23:01',2,171,3),
	(627,'2015-07-20 09:23:01',2,175,8),
	(628,'2015-07-20 09:23:01',2,32,8),
	(629,'2015-07-20 09:23:01',2,171,8),
	(630,'2015-07-20 09:23:01',2,173,8),
	(631,'2015-07-20 09:23:33',2,173,7),
	(632,'2015-07-20 09:23:33',2,175,7),
	(633,'2015-07-20 09:23:33',2,173,3),
	(634,'2015-07-20 09:23:33',2,175,3),
	(635,'2015-07-20 09:23:33',2,171,3),
	(636,'2015-07-20 09:23:33',2,173,8),
	(637,'2015-07-20 09:23:33',2,175,8),
	(638,'2015-07-20 09:23:33',2,171,8),
	(639,'2015-07-20 09:23:33',2,169,8),
	(640,'2015-07-20 09:30:58',2,171,7),
	(641,'2015-07-20 09:30:58',2,169,7),
	(642,'2015-07-20 09:30:58',2,171,3),
	(643,'2015-07-20 09:30:58',2,169,3),
	(644,'2015-07-20 09:30:58',2,173,3),
	(645,'2015-07-20 09:30:58',2,171,8),
	(646,'2015-07-20 09:30:58',2,169,8),
	(647,'2015-07-20 09:30:58',2,173,8),
	(648,'2015-07-20 09:30:58',2,175,8),
	(649,'2015-07-20 09:52:09',2,171,7),
	(650,'2015-07-20 09:52:09',2,49,7),
	(651,'2015-07-20 09:52:09',2,171,3),
	(652,'2015-07-20 09:52:09',2,49,3),
	(653,'2015-07-20 09:52:09',2,173,3),
	(654,'2015-07-20 09:52:09',2,171,8),
	(655,'2015-07-20 09:52:09',2,49,8),
	(656,'2015-07-20 09:52:09',2,173,8),
	(657,'2015-07-20 09:52:09',2,169,8),
	(658,'2015-07-20 09:57:27',2,179,7),
	(659,'2015-07-20 09:57:27',2,41,7),
	(660,'2015-07-20 09:57:28',2,179,3),
	(661,'2015-07-20 09:57:28',2,41,3),
	(662,'2015-07-20 09:57:28',2,171,3),
	(663,'2015-07-20 09:57:28',2,179,8),
	(664,'2015-07-20 09:57:28',2,41,8),
	(665,'2015-07-20 09:57:28',2,171,8),
	(666,'2015-07-20 09:57:28',2,173,8),
	(667,'2015-07-20 10:00:41',2,179,7),
	(668,'2015-07-20 10:00:41',2,169,7),
	(669,'2015-07-20 10:00:41',2,179,3),
	(670,'2015-07-20 10:00:41',2,169,3),
	(671,'2015-07-20 10:00:41',2,171,3),
	(672,'2015-07-20 10:00:41',2,179,8),
	(673,'2015-07-20 10:00:41',2,169,8),
	(674,'2015-07-20 10:00:41',2,171,8),
	(675,'2015-07-20 10:00:41',2,173,8),
	(676,'2015-07-20 10:01:12',2,171,7),
	(677,'2015-07-20 10:01:12',2,41,7),
	(678,'2015-07-20 10:01:13',2,171,3),
	(679,'2015-07-20 10:01:13',2,41,3),
	(680,'2015-07-20 10:01:13',2,173,3),
	(681,'2015-07-20 10:01:13',2,171,8),
	(682,'2015-07-20 10:01:13',2,41,8),
	(683,'2015-07-20 10:01:13',2,173,8),
	(684,'2015-07-20 10:01:13',2,169,8),
	(685,'2015-07-20 10:03:41',2,173,7),
	(686,'2015-07-20 10:03:41',2,47,7),
	(687,'2015-07-20 10:03:41',2,173,3),
	(688,'2015-07-20 10:03:41',2,47,3),
	(689,'2015-07-20 10:03:41',2,171,3),
	(690,'2015-07-20 10:03:41',2,173,8),
	(691,'2015-07-20 10:03:41',2,47,8),
	(692,'2015-07-20 10:03:41',2,171,8),
	(693,'2015-07-20 10:03:41',2,169,8),
	(694,'2015-07-20 10:04:14',2,169,7),
	(695,'2015-07-20 10:04:14',2,44,7),
	(696,'2015-07-20 10:04:14',2,169,3),
	(697,'2015-07-20 10:04:14',2,44,3),
	(698,'2015-07-20 10:04:14',2,171,3),
	(699,'2015-07-20 10:04:14',2,169,8),
	(700,'2015-07-20 10:04:14',2,44,8),
	(701,'2015-07-20 10:04:14',2,171,8),
	(702,'2015-07-20 10:04:14',2,173,8),
	(703,'2015-07-20 10:10:41',2,169,7),
	(704,'2015-07-20 10:10:41',2,43,7),
	(705,'2015-07-20 10:10:41',2,169,3),
	(706,'2015-07-20 10:10:41',2,43,3),
	(707,'2015-07-20 10:10:41',2,171,3),
	(708,'2015-07-20 10:10:41',2,169,8),
	(709,'2015-07-20 10:10:41',2,43,8),
	(710,'2015-07-20 10:10:41',2,171,8),
	(711,'2015-07-20 10:10:41',2,173,8),
	(712,'2015-07-20 10:11:12',2,171,7),
	(713,'2015-07-20 10:11:12',2,28,7),
	(714,'2015-07-20 10:11:13',2,171,3),
	(715,'2015-07-20 10:11:13',2,28,3),
	(716,'2015-07-20 10:11:13',2,173,3),
	(717,'2015-07-20 10:11:13',2,171,8),
	(718,'2015-07-20 10:11:13',2,28,8),
	(719,'2015-07-20 10:11:13',2,173,8),
	(720,'2015-07-20 10:11:13',2,169,8),
	(721,'2015-07-20 10:15:35',2,175,7),
	(722,'2015-07-20 10:15:35',2,49,7),
	(723,'2015-07-20 10:15:35',2,175,3),
	(724,'2015-07-20 10:15:35',2,49,3),
	(725,'2015-07-20 10:15:35',2,171,3),
	(726,'2015-07-20 10:15:35',2,175,8),
	(727,'2015-07-20 10:15:35',2,49,8),
	(728,'2015-07-20 10:15:35',2,171,8),
	(729,'2015-07-20 10:15:35',2,173,8),
	(730,'2015-07-20 10:20:02',2,183,7),
	(731,'2015-07-20 10:20:02',2,169,7),
	(732,'2015-07-20 10:20:02',2,183,3),
	(733,'2015-07-20 10:20:02',2,169,3),
	(734,'2015-07-20 10:20:02',2,171,3),
	(735,'2015-07-20 10:20:02',2,183,8),
	(736,'2015-07-20 10:20:02',2,169,8),
	(737,'2015-07-20 10:20:02',2,171,8),
	(738,'2015-07-20 10:20:02',2,173,8),
	(739,'2015-07-20 10:22:19',2,179,7),
	(740,'2015-07-20 10:22:19',2,34,7),
	(741,'2015-07-20 10:22:19',2,179,3),
	(742,'2015-07-20 10:22:19',2,34,3),
	(743,'2015-07-20 10:22:19',2,171,3),
	(744,'2015-07-20 10:22:19',2,179,8),
	(745,'2015-07-20 10:22:19',2,34,8),
	(746,'2015-07-20 10:22:19',2,171,8),
	(747,'2015-07-20 10:22:19',2,173,8),
	(748,'2015-07-20 10:23:46',2,169,7),
	(749,'2015-07-20 10:23:46',2,41,7),
	(750,'2015-07-20 10:23:46',2,169,3),
	(751,'2015-07-20 10:23:46',2,41,3),
	(752,'2015-07-20 10:23:46',2,171,3),
	(753,'2015-07-20 10:23:46',2,169,8),
	(754,'2015-07-20 10:23:46',2,41,8),
	(755,'2015-07-20 10:23:46',2,171,8),
	(756,'2015-07-20 10:23:46',2,173,8),
	(757,'2015-07-20 10:25:50',2,171,7),
	(758,'2015-07-20 10:25:50',2,36,7),
	(759,'2015-07-20 10:25:50',2,171,3),
	(760,'2015-07-20 10:25:50',2,36,3),
	(761,'2015-07-20 10:25:50',2,173,3),
	(762,'2015-07-20 10:25:50',2,171,8),
	(763,'2015-07-20 10:25:50',2,36,8),
	(764,'2015-07-20 10:25:50',2,173,8),
	(765,'2015-07-20 10:25:50',2,169,8),
	(766,'2015-07-20 10:27:25',2,179,7),
	(767,'2015-07-20 10:27:25',2,30,7),
	(768,'2015-07-20 10:27:25',2,179,3),
	(769,'2015-07-20 10:27:25',2,30,3),
	(770,'2015-07-20 10:27:25',2,171,3),
	(771,'2015-07-20 10:27:25',2,179,8),
	(772,'2015-07-20 10:27:25',2,30,8),
	(773,'2015-07-20 10:27:25',2,171,8),
	(774,'2015-07-20 10:27:25',2,173,8),
	(775,'2015-07-20 10:29:58',2,183,7),
	(776,'2015-07-20 10:29:58',2,32,7),
	(777,'2015-07-20 10:29:59',2,183,3),
	(778,'2015-07-20 10:29:59',2,32,3),
	(779,'2015-07-20 10:29:59',2,171,3),
	(780,'2015-07-20 10:29:59',2,183,8),
	(781,'2015-07-20 10:29:59',2,32,8),
	(782,'2015-07-20 10:29:59',2,171,8),
	(783,'2015-07-20 10:29:59',2,173,8),
	(784,'2015-07-20 10:32:25',2,171,7),
	(785,'2015-07-20 10:32:25',2,20,7),
	(786,'2015-07-20 10:32:25',2,171,3),
	(787,'2015-07-20 10:32:25',2,20,3),
	(788,'2015-07-20 10:32:25',2,173,3),
	(789,'2015-07-20 10:32:25',2,171,8),
	(790,'2015-07-20 10:32:25',2,20,8),
	(791,'2015-07-20 10:32:25',2,173,8),
	(792,'2015-07-20 10:32:25',2,169,8),
	(793,'2015-07-20 10:32:56',2,169,7),
	(794,'2015-07-20 10:32:56',2,41,7),
	(795,'2015-07-20 10:32:57',2,169,3),
	(796,'2015-07-20 10:32:57',2,41,3),
	(797,'2015-07-20 10:32:57',2,171,3),
	(798,'2015-07-20 10:32:57',2,169,8),
	(799,'2015-07-20 10:32:57',2,41,8),
	(800,'2015-07-20 10:32:57',2,171,8),
	(801,'2015-07-20 10:32:57',2,173,8),
	(802,'2015-07-20 10:33:28',2,173,7),
	(803,'2015-07-20 10:33:28',2,44,7),
	(804,'2015-07-20 10:33:28',2,173,3),
	(805,'2015-07-20 10:33:28',2,44,3),
	(806,'2015-07-20 10:33:28',2,171,3),
	(807,'2015-07-20 10:33:28',2,173,8),
	(808,'2015-07-20 10:33:28',2,44,8),
	(809,'2015-07-20 10:33:28',2,171,8),
	(810,'2015-07-20 10:33:28',2,169,8),
	(811,'2015-07-20 10:34:01',2,171,7),
	(812,'2015-07-20 10:34:01',2,36,7),
	(813,'2015-07-20 10:34:01',2,171,3),
	(814,'2015-07-20 10:34:01',2,36,3),
	(815,'2015-07-20 10:34:01',2,173,3),
	(816,'2015-07-20 10:34:01',2,171,8),
	(817,'2015-07-20 10:34:01',2,36,8),
	(818,'2015-07-20 10:34:01',2,173,8),
	(819,'2015-07-20 10:34:01',2,169,8),
	(820,'2015-07-20 10:41:33',2,175,7),
	(821,'2015-07-20 10:41:33',2,51,7),
	(822,'2015-07-20 10:41:33',2,175,3),
	(823,'2015-07-20 10:41:33',2,51,3),
	(824,'2015-07-20 10:41:33',2,171,3),
	(825,'2015-07-20 10:41:33',2,175,8),
	(826,'2015-07-20 10:41:33',2,51,8),
	(827,'2015-07-20 10:41:33',2,171,8),
	(828,'2015-07-20 10:41:33',2,173,8),
	(829,'2015-07-20 10:42:05',2,171,7),
	(830,'2015-07-20 10:42:05',2,45,7),
	(831,'2015-07-20 10:42:05',2,171,3),
	(832,'2015-07-20 10:42:05',2,45,3),
	(833,'2015-07-20 10:42:05',2,173,3),
	(834,'2015-07-20 10:42:05',2,171,8),
	(835,'2015-07-20 10:42:05',2,45,8),
	(836,'2015-07-20 10:42:05',2,173,8),
	(837,'2015-07-20 10:42:05',2,169,8),
	(838,'2015-07-20 10:42:37',2,169,7),
	(839,'2015-07-20 10:42:37',2,50,7),
	(840,'2015-07-20 10:42:37',2,169,3),
	(841,'2015-07-20 10:42:37',2,50,3),
	(842,'2015-07-20 10:42:37',2,171,3),
	(843,'2015-07-20 10:42:37',2,169,8),
	(844,'2015-07-20 10:42:37',2,50,8),
	(845,'2015-07-20 10:42:37',2,171,8),
	(846,'2015-07-20 10:42:37',2,173,8),
	(847,'2015-07-20 10:43:09',2,173,7),
	(848,'2015-07-20 10:43:09',2,55,7),
	(849,'2015-07-20 10:43:09',2,173,3),
	(850,'2015-07-20 10:43:09',2,55,3),
	(851,'2015-07-20 10:43:09',2,171,3),
	(852,'2015-07-20 10:43:09',2,173,8),
	(853,'2015-07-20 10:43:09',2,55,8),
	(854,'2015-07-20 10:43:09',2,171,8),
	(855,'2015-07-20 10:43:09',2,169,8),
	(856,'2015-07-20 10:50:51',2,175,7),
	(857,'2015-07-20 10:50:51',2,54,7),
	(858,'2015-07-20 10:50:51',2,175,3),
	(859,'2015-07-20 10:50:51',2,54,3),
	(860,'2015-07-20 10:50:51',2,171,3),
	(861,'2015-07-20 10:50:51',2,175,8),
	(862,'2015-07-20 10:50:51',2,54,8),
	(863,'2015-07-20 10:50:51',2,171,8),
	(864,'2015-07-20 10:50:51',2,173,8),
	(865,'2015-07-20 10:52:06',2,169,7),
	(866,'2015-07-20 10:52:06',2,179,7),
	(867,'2015-07-20 10:52:06',2,169,3),
	(868,'2015-07-20 10:52:06',2,179,3),
	(869,'2015-07-20 10:52:06',2,171,3),
	(870,'2015-07-20 10:52:06',2,169,8),
	(871,'2015-07-20 10:52:06',2,179,8),
	(872,'2015-07-20 10:52:06',2,171,8),
	(873,'2015-07-20 10:52:06',2,173,8),
	(874,'2015-07-20 10:54:49',2,175,7),
	(875,'2015-07-20 10:54:49',2,171,7),
	(876,'2015-07-20 10:54:50',2,175,3),
	(877,'2015-07-20 10:54:50',2,171,3),
	(878,'2015-07-20 10:54:50',2,173,3),
	(879,'2015-07-20 10:54:50',2,175,8),
	(880,'2015-07-20 10:54:50',2,171,8),
	(881,'2015-07-20 10:54:50',2,173,8),
	(882,'2015-07-20 10:54:50',2,169,8),
	(883,'2015-07-20 10:55:21',2,173,7),
	(884,'2015-07-20 10:55:21',2,22,7),
	(885,'2015-07-20 10:55:21',2,173,3),
	(886,'2015-07-20 10:55:21',2,22,3),
	(887,'2015-07-20 10:55:21',2,171,3),
	(888,'2015-07-20 10:55:21',2,173,8),
	(889,'2015-07-20 10:55:21',2,22,8),
	(890,'2015-07-20 10:55:21',2,171,8),
	(891,'2015-07-20 10:55:21',2,169,8),
	(892,'2015-07-20 10:55:53',2,169,7),
	(893,'2015-07-20 10:55:53',2,47,7),
	(894,'2015-07-20 10:55:53',2,169,3),
	(895,'2015-07-20 10:55:53',2,47,3),
	(896,'2015-07-20 10:55:53',2,171,3),
	(897,'2015-07-20 10:55:53',2,169,8),
	(898,'2015-07-20 10:55:53',2,47,8),
	(899,'2015-07-20 10:55:53',2,171,8),
	(900,'2015-07-20 10:55:53',2,173,8),
	(901,'2015-07-20 11:32:44',2,183,7),
	(902,'2015-07-20 11:32:44',2,32,7),
	(903,'2015-07-20 11:32:44',2,183,3),
	(904,'2015-07-20 11:32:44',2,32,3),
	(905,'2015-07-20 11:32:44',2,171,3),
	(906,'2015-07-20 11:32:44',2,183,8),
	(907,'2015-07-20 11:32:44',2,32,8),
	(908,'2015-07-20 11:32:44',2,171,8),
	(909,'2015-07-20 11:32:44',2,173,8),
	(910,'2015-07-20 11:35:07',2,179,7),
	(911,'2015-07-20 11:35:07',2,169,7),
	(912,'2015-07-20 11:35:07',2,179,3),
	(913,'2015-07-20 11:35:07',2,169,3),
	(914,'2015-07-20 11:35:07',2,171,3),
	(915,'2015-07-20 11:35:07',2,179,8),
	(916,'2015-07-20 11:35:07',2,169,8),
	(917,'2015-07-20 11:35:07',2,171,8),
	(918,'2015-07-20 11:35:07',2,173,8),
	(919,'2015-07-20 11:35:58',2,183,7),
	(920,'2015-07-20 11:35:58',2,56,7),
	(921,'2015-07-20 11:35:58',2,183,3),
	(922,'2015-07-20 11:35:58',2,56,3),
	(923,'2015-07-20 11:35:58',2,171,3),
	(924,'2015-07-20 11:35:58',2,183,8),
	(925,'2015-07-20 11:35:58',2,56,8),
	(926,'2015-07-20 11:35:58',2,171,8),
	(927,'2015-07-20 11:35:58',2,173,8),
	(928,'2015-07-20 11:36:48',2,175,7),
	(929,'2015-07-20 11:36:48',2,179,7),
	(930,'2015-07-20 11:36:48',2,175,3),
	(931,'2015-07-20 11:36:48',2,179,3),
	(932,'2015-07-20 11:36:48',2,171,3),
	(933,'2015-07-20 11:36:48',2,175,8),
	(934,'2015-07-20 11:36:48',2,179,8),
	(935,'2015-07-20 11:36:48',2,171,8),
	(936,'2015-07-20 11:36:48',2,173,8),
	(937,'2015-07-20 11:38:51',2,183,7),
	(938,'2015-07-20 11:38:51',2,181,7),
	(939,'2015-07-20 11:38:52',2,183,3),
	(940,'2015-07-20 11:38:52',2,181,3),
	(941,'2015-07-20 11:38:52',2,171,3),
	(942,'2015-07-20 11:38:52',2,183,8),
	(943,'2015-07-20 11:38:52',2,181,8),
	(944,'2015-07-20 11:38:52',2,171,8),
	(945,'2015-07-20 11:38:52',2,173,8),
	(946,'2015-07-20 11:46:51',2,175,7),
	(947,'2015-07-20 11:46:51',2,54,7),
	(948,'2015-07-20 11:46:51',2,175,3),
	(949,'2015-07-20 11:46:51',2,54,3),
	(950,'2015-07-20 11:46:51',2,171,3),
	(951,'2015-07-20 11:46:51',2,175,8),
	(952,'2015-07-20 11:46:51',2,54,8),
	(953,'2015-07-20 11:46:51',2,171,8),
	(954,'2015-07-20 11:46:51',2,173,8),
	(955,'2015-07-20 13:00:28',2,171,7),
	(956,'2015-07-20 13:00:28',2,49,7),
	(957,'2015-07-20 13:00:29',2,171,3),
	(958,'2015-07-20 13:00:29',2,49,3),
	(959,'2015-07-20 13:00:29',2,173,3),
	(960,'2015-07-20 13:00:29',2,171,8),
	(961,'2015-07-20 13:00:29',2,49,8),
	(962,'2015-07-20 13:00:29',2,173,8),
	(963,'2015-07-20 13:00:29',2,169,8),
	(964,'2015-07-20 13:14:17',2,175,7),
	(965,'2015-07-20 13:14:17',2,42,7),
	(966,'2015-07-20 13:14:18',2,175,3),
	(967,'2015-07-20 13:14:18',2,42,3),
	(968,'2015-07-20 13:14:18',2,171,3),
	(969,'2015-07-20 13:14:18',2,175,8),
	(970,'2015-07-20 13:14:18',2,42,8),
	(971,'2015-07-20 13:14:18',2,171,8),
	(972,'2015-07-20 13:14:18',2,173,8),
	(973,'2015-07-20 13:17:04',2,171,7),
	(974,'2015-07-20 13:17:04',2,41,7),
	(975,'2015-07-20 13:17:04',2,171,3),
	(976,'2015-07-20 13:17:05',2,41,3),
	(977,'2015-07-20 13:17:05',2,173,3),
	(978,'2015-07-20 13:17:05',2,171,8),
	(979,'2015-07-20 13:17:05',2,41,8),
	(980,'2015-07-20 13:17:05',2,173,8),
	(981,'2015-07-20 13:17:05',2,169,8),
	(982,'2015-07-20 13:17:36',2,173,7),
	(983,'2015-07-20 13:17:36',2,42,7),
	(984,'2015-07-20 13:17:36',2,173,3),
	(985,'2015-07-20 13:17:36',2,42,3),
	(986,'2015-07-20 13:17:36',2,171,3),
	(987,'2015-07-20 13:17:36',2,173,8),
	(988,'2015-07-20 13:17:36',2,42,8),
	(989,'2015-07-20 13:17:36',2,171,8),
	(990,'2015-07-20 13:17:36',2,169,8),
	(991,'2015-07-21 09:24:55',2,173,7),
	(992,'2015-07-21 09:24:55',2,50,7),
	(993,'2015-07-21 09:24:55',2,173,3),
	(994,'2015-07-21 09:24:55',2,50,3),
	(995,'2015-07-21 09:24:55',2,171,3),
	(996,'2015-07-21 09:24:55',2,173,8),
	(997,'2015-07-21 09:24:55',2,50,8),
	(998,'2015-07-21 09:24:55',2,171,8),
	(999,'2015-07-21 09:24:55',2,169,8),
	(1000,'2015-07-21 09:33:26',2,175,7),
	(1001,'2015-07-21 09:33:26',2,173,7),
	(1002,'2015-07-21 09:33:26',2,175,3),
	(1003,'2015-07-21 09:33:26',2,173,3),
	(1004,'2015-07-21 09:33:26',2,171,3),
	(1005,'2015-07-21 09:33:26',2,175,8),
	(1006,'2015-07-21 09:33:26',2,173,8),
	(1007,'2015-07-21 09:33:26',2,171,8),
	(1008,'2015-07-21 09:33:26',2,169,8),
	(1009,'2015-07-21 09:33:58',2,171,7),
	(1010,'2015-07-21 09:33:58',2,22,7),
	(1011,'2015-07-21 09:33:59',2,171,3),
	(1012,'2015-07-21 09:33:59',2,22,3),
	(1013,'2015-07-21 09:33:59',2,173,3),
	(1014,'2015-07-21 09:33:59',2,171,8),
	(1015,'2015-07-21 09:33:59',2,22,8),
	(1016,'2015-07-21 09:33:59',2,173,8),
	(1017,'2015-07-21 09:33:59',2,169,8),
	(1018,'2015-07-21 09:44:43',2,173,7),
	(1019,'2015-07-21 09:44:43',2,32,7),
	(1020,'2015-07-21 09:44:43',2,173,3),
	(1021,'2015-07-21 09:44:43',2,32,3),
	(1022,'2015-07-21 09:44:43',2,171,3),
	(1023,'2015-07-21 09:44:43',2,173,8),
	(1024,'2015-07-21 09:44:43',2,32,8),
	(1025,'2015-07-21 09:44:43',2,171,8),
	(1026,'2015-07-21 09:44:43',2,169,8),
	(1027,'2015-07-21 09:45:15',2,171,7),
	(1028,'2015-07-21 09:45:15',2,41,7),
	(1029,'2015-07-21 09:45:15',2,171,3),
	(1030,'2015-07-21 09:45:15',2,41,3),
	(1031,'2015-07-21 09:45:15',2,173,3),
	(1032,'2015-07-21 09:45:15',2,171,8),
	(1033,'2015-07-21 09:45:15',2,41,8),
	(1034,'2015-07-21 09:45:15',2,173,8),
	(1035,'2015-07-21 09:45:15',2,169,8),
	(1036,'2015-07-21 09:49:45',2,169,7),
	(1037,'2015-07-21 09:49:45',2,30,7),
	(1038,'2015-07-21 09:49:46',2,169,3),
	(1039,'2015-07-21 09:49:46',2,30,3),
	(1040,'2015-07-21 09:49:46',2,171,3),
	(1041,'2015-07-21 09:49:46',2,169,8),
	(1042,'2015-07-21 09:49:46',2,30,8),
	(1043,'2015-07-21 09:49:46',2,171,8),
	(1044,'2015-07-21 09:49:46',2,173,8),
	(1045,'2015-07-21 09:50:17',2,171,7),
	(1046,'2015-07-21 09:50:17',2,20,7),
	(1047,'2015-07-21 09:50:17',2,171,3),
	(1048,'2015-07-21 09:50:17',2,20,3),
	(1049,'2015-07-21 09:50:17',2,173,3),
	(1050,'2015-07-21 09:50:17',2,171,8),
	(1051,'2015-07-21 09:50:17',2,20,8),
	(1052,'2015-07-21 09:50:17',2,173,8),
	(1053,'2015-07-21 09:50:17',2,169,8),
	(1054,'2015-07-21 10:07:38',2,183,7),
	(1055,'2015-07-21 10:07:38',2,53,7),
	(1056,'2015-07-21 10:07:39',2,183,3),
	(1057,'2015-07-21 10:07:39',2,53,3),
	(1058,'2015-07-21 10:07:39',2,171,3),
	(1059,'2015-07-21 10:07:39',2,183,8),
	(1060,'2015-07-21 10:07:39',2,53,8),
	(1061,'2015-07-21 10:07:39',2,171,8),
	(1062,'2015-07-21 10:07:39',2,173,8),
	(1063,'2015-07-21 10:16:12',2,171,7),
	(1064,'2015-07-21 10:16:12',2,183,7),
	(1065,'2015-07-21 10:16:12',2,171,3),
	(1066,'2015-07-21 10:16:12',2,183,3),
	(1067,'2015-07-21 10:16:12',2,173,3),
	(1068,'2015-07-21 10:16:12',2,171,8),
	(1069,'2015-07-21 10:16:12',2,183,8),
	(1070,'2015-07-21 10:16:12',2,173,8),
	(1071,'2015-07-21 10:16:12',2,169,8),
	(1072,'2015-07-21 10:29:18',2,183,7),
	(1073,'2015-07-21 10:29:18',2,47,7),
	(1074,'2015-07-21 10:29:18',2,183,3),
	(1075,'2015-07-21 10:29:18',2,47,3),
	(1076,'2015-07-21 10:29:18',2,171,3),
	(1077,'2015-07-21 10:29:18',2,183,8),
	(1078,'2015-07-21 10:29:18',2,47,8),
	(1079,'2015-07-21 10:29:18',2,171,8),
	(1080,'2015-07-21 10:29:18',2,173,8),
	(1081,'2015-07-21 10:33:13',2,175,7),
	(1082,'2015-07-21 10:33:13',2,169,7),
	(1083,'2015-07-21 10:33:13',2,175,3),
	(1084,'2015-07-21 10:33:13',2,169,3),
	(1085,'2015-07-21 10:33:13',2,171,3),
	(1086,'2015-07-21 10:33:13',2,175,8),
	(1087,'2015-07-21 10:33:13',2,169,8),
	(1088,'2015-07-21 10:33:13',2,171,8),
	(1089,'2015-07-21 10:33:13',2,173,8),
	(1090,'2015-07-21 10:49:01',2,183,7),
	(1091,'2015-07-21 10:49:01',2,42,7),
	(1092,'2015-07-21 10:49:02',2,183,3),
	(1093,'2015-07-21 10:49:02',2,42,3),
	(1094,'2015-07-21 10:49:02',2,171,3),
	(1095,'2015-07-21 10:49:02',2,183,8),
	(1096,'2015-07-21 10:49:02',2,42,8),
	(1097,'2015-07-21 10:49:02',2,171,8),
	(1098,'2015-07-21 10:49:02',2,173,8),
	(1099,'2015-07-21 10:49:33',2,171,7),
	(1100,'2015-07-21 10:49:33',2,167,7),
	(1101,'2015-07-21 10:49:33',2,171,3),
	(1102,'2015-07-21 10:49:33',2,167,3),
	(1103,'2015-07-21 10:49:33',2,173,3),
	(1104,'2015-07-21 10:49:33',2,171,8),
	(1105,'2015-07-21 10:49:33',2,167,8),
	(1106,'2015-07-21 10:49:33',2,173,8),
	(1107,'2015-07-21 10:49:33',2,169,8),
	(1108,'2015-07-21 10:54:16',2,171,7),
	(1109,'2015-07-21 10:54:16',2,54,7),
	(1110,'2015-07-21 10:54:16',2,171,3),
	(1111,'2015-07-21 10:54:16',2,54,3),
	(1112,'2015-07-21 10:54:16',2,173,3),
	(1113,'2015-07-21 10:54:16',2,171,8),
	(1114,'2015-07-21 10:54:16',2,54,8),
	(1115,'2015-07-21 10:54:16',2,173,8),
	(1116,'2015-07-21 10:54:16',2,169,8),
	(1117,'2015-07-21 11:03:28',2,171,7),
	(1118,'2015-07-21 11:03:28',2,55,7),
	(1119,'2015-07-21 11:03:28',2,171,3),
	(1120,'2015-07-21 11:03:28',2,55,3),
	(1121,'2015-07-21 11:03:28',2,173,3),
	(1122,'2015-07-21 11:03:28',2,171,8),
	(1123,'2015-07-21 11:03:28',2,55,8),
	(1124,'2015-07-21 11:03:28',2,173,8),
	(1125,'2015-07-21 11:03:28',2,169,8),
	(1126,'2015-07-21 11:04:00',2,173,7),
	(1127,'2015-07-21 11:04:00',2,28,7),
	(1128,'2015-07-21 11:04:00',2,173,3),
	(1129,'2015-07-21 11:04:00',2,28,3),
	(1130,'2015-07-21 11:04:00',2,171,3),
	(1131,'2015-07-21 11:04:00',2,173,8),
	(1132,'2015-07-21 11:04:00',2,28,8),
	(1133,'2015-07-21 11:04:00',2,171,8),
	(1134,'2015-07-21 11:04:00',2,169,8),
	(1135,'2015-07-21 11:05:21',2,171,7),
	(1136,'2015-07-21 11:05:21',2,173,7),
	(1137,'2015-07-21 11:05:21',2,171,3),
	(1138,'2015-07-21 11:05:21',2,173,3),
	(1139,'2015-07-21 11:05:21',2,175,3),
	(1140,'2015-07-21 11:05:21',2,171,8),
	(1141,'2015-07-21 11:05:21',2,173,8),
	(1142,'2015-07-21 11:05:21',2,175,8),
	(1143,'2015-07-21 11:05:21',2,169,8),
	(1144,'2015-07-21 11:28:14',2,171,7),
	(1145,'2015-07-21 11:28:14',2,44,7),
	(1146,'2015-07-21 11:28:14',2,171,3),
	(1147,'2015-07-21 11:28:14',2,44,3),
	(1148,'2015-07-21 11:28:14',2,173,3),
	(1149,'2015-07-21 11:28:14',2,171,8),
	(1150,'2015-07-21 11:28:14',2,44,8),
	(1151,'2015-07-21 11:28:14',2,173,8),
	(1152,'2015-07-21 11:28:14',2,169,8),
	(1153,'2015-07-21 11:28:46',2,173,7),
	(1154,'2015-07-21 11:28:46',2,53,7),
	(1155,'2015-07-21 11:28:46',2,173,3),
	(1156,'2015-07-21 11:28:46',2,53,3),
	(1157,'2015-07-21 11:28:46',2,171,3),
	(1158,'2015-07-21 11:28:46',2,173,8),
	(1159,'2015-07-21 11:28:46',2,53,8),
	(1160,'2015-07-21 11:28:46',2,171,8),
	(1161,'2015-07-21 11:28:46',2,169,8),
	(1162,'2015-07-21 11:29:19',2,171,7),
	(1163,'2015-07-21 11:29:19',2,38,7),
	(1164,'2015-07-21 11:29:19',2,171,3),
	(1165,'2015-07-21 11:29:19',2,38,3),
	(1166,'2015-07-21 11:29:19',2,173,3),
	(1167,'2015-07-21 11:29:19',2,171,8),
	(1168,'2015-07-21 11:29:19',2,38,8),
	(1169,'2015-07-21 11:29:19',2,173,8),
	(1170,'2015-07-21 11:29:19',2,169,8),
	(1171,'2015-07-21 11:29:51',2,173,7),
	(1172,'2015-07-21 11:29:51',2,44,7),
	(1173,'2015-07-21 11:29:52',2,173,3),
	(1174,'2015-07-21 11:29:52',2,44,3),
	(1175,'2015-07-21 11:29:52',2,171,3),
	(1176,'2015-07-21 11:29:52',2,173,8),
	(1177,'2015-07-21 11:29:52',2,44,8),
	(1178,'2015-07-21 11:29:52',2,171,8),
	(1179,'2015-07-21 11:29:52',2,169,8),
	(1180,'2015-07-21 11:30:23',2,171,7),
	(1181,'2015-07-21 11:30:23',2,181,7),
	(1182,'2015-07-21 11:30:23',2,171,3),
	(1183,'2015-07-21 11:30:23',2,181,3),
	(1184,'2015-07-21 11:30:23',2,173,3),
	(1185,'2015-07-21 11:30:23',2,171,8),
	(1186,'2015-07-21 11:30:23',2,181,8),
	(1187,'2015-07-21 11:30:23',2,173,8),
	(1188,'2015-07-21 11:30:23',2,169,8),
	(1189,'2015-07-21 11:30:55',2,173,7),
	(1190,'2015-07-21 11:30:55',2,38,7),
	(1191,'2015-07-21 11:30:55',2,173,3),
	(1192,'2015-07-21 11:30:55',2,38,3),
	(1193,'2015-07-21 11:30:55',2,171,3),
	(1194,'2015-07-21 11:30:55',2,173,8),
	(1195,'2015-07-21 11:30:55',2,38,8),
	(1196,'2015-07-21 11:30:55',2,171,8),
	(1197,'2015-07-21 11:30:55',2,169,8),
	(1198,'2015-07-21 11:31:26',2,171,7),
	(1199,'2015-07-21 11:31:26',2,57,7),
	(1200,'2015-07-21 11:31:26',2,171,3),
	(1201,'2015-07-21 11:31:26',2,57,3),
	(1202,'2015-07-21 11:31:26',2,173,3),
	(1203,'2015-07-21 11:31:26',2,171,8),
	(1204,'2015-07-21 11:31:26',2,57,8),
	(1205,'2015-07-21 11:31:26',2,173,8),
	(1206,'2015-07-21 11:31:26',2,169,8),
	(1207,'2015-07-21 11:35:26',2,173,7),
	(1208,'2015-07-21 11:35:26',2,54,7),
	(1209,'2015-07-21 11:35:26',2,173,3),
	(1210,'2015-07-21 11:35:26',2,54,3),
	(1211,'2015-07-21 11:35:26',2,171,3),
	(1212,'2015-07-21 11:35:26',2,173,8),
	(1213,'2015-07-21 11:35:26',2,54,8),
	(1214,'2015-07-21 11:35:26',2,171,8),
	(1215,'2015-07-21 11:35:26',2,169,8),
	(1216,'2015-07-21 11:48:53',2,169,7),
	(1217,'2015-07-21 11:48:53',2,47,7),
	(1218,'2015-07-21 11:48:53',2,169,3),
	(1219,'2015-07-21 11:48:53',2,47,3),
	(1220,'2015-07-21 11:48:53',2,171,3),
	(1221,'2015-07-21 11:48:53',2,169,8),
	(1222,'2015-07-21 11:48:53',2,47,8),
	(1223,'2015-07-21 11:48:53',2,171,8),
	(1224,'2015-07-21 11:48:53',2,173,8),
	(1225,'2015-07-21 11:50:31',2,179,7),
	(1226,'2015-07-21 11:50:31',2,175,7),
	(1227,'2015-07-21 11:50:31',2,179,3),
	(1228,'2015-07-21 11:50:31',2,175,3),
	(1229,'2015-07-21 11:50:31',2,171,3),
	(1230,'2015-07-21 11:50:31',2,179,8),
	(1231,'2015-07-21 11:50:31',2,175,8),
	(1232,'2015-07-21 11:50:31',2,171,8),
	(1233,'2015-07-21 11:50:31',2,173,8),
	(1234,'2015-07-21 12:00:44',2,179,7),
	(1235,'2015-07-21 12:00:44',2,57,7),
	(1236,'2015-07-21 12:00:44',2,179,3),
	(1237,'2015-07-21 12:00:44',2,57,3),
	(1238,'2015-07-21 12:00:44',2,171,3),
	(1239,'2015-07-21 12:00:44',2,179,8),
	(1240,'2015-07-21 12:00:44',2,57,8),
	(1241,'2015-07-21 12:00:44',2,171,8),
	(1242,'2015-07-21 12:00:44',2,173,8),
	(1243,'2015-07-21 12:07:06',2,175,7),
	(1244,'2015-07-21 12:07:06',2,45,7),
	(1245,'2015-07-21 12:07:06',2,175,3),
	(1246,'2015-07-21 12:07:06',2,45,3),
	(1247,'2015-07-21 12:07:06',2,171,3),
	(1248,'2015-07-21 12:07:06',2,175,8),
	(1249,'2015-07-21 12:07:06',2,45,8),
	(1250,'2015-07-21 12:07:06',2,171,8),
	(1251,'2015-07-21 12:07:06',2,173,8),
	(1252,'2015-07-21 14:36:41',2,183,7),
	(1253,'2015-07-21 14:36:41',2,47,7),
	(1254,'2015-07-21 14:36:41',2,183,3),
	(1255,'2015-07-21 14:36:41',2,47,3),
	(1256,'2015-07-21 14:36:41',2,171,3),
	(1257,'2015-07-21 14:36:41',2,183,8),
	(1258,'2015-07-21 14:36:41',2,47,8),
	(1259,'2015-07-21 14:36:41',2,171,8),
	(1260,'2015-07-21 14:36:41',2,173,8),
	(1261,'2015-07-21 14:36:56',2,47,7),
	(1262,'2015-07-21 14:36:56',2,20,7),
	(1263,'2015-07-21 14:36:57',2,47,3),
	(1264,'2015-07-21 14:36:57',2,20,3),
	(1265,'2015-07-21 14:36:57',2,171,3),
	(1266,'2015-07-21 14:36:57',2,47,8),
	(1267,'2015-07-21 14:36:57',2,20,8),
	(1268,'2015-07-21 14:36:57',2,171,8),
	(1269,'2015-07-21 14:36:57',2,173,8),
	(1270,'2015-07-21 14:37:00',2,20,7),
	(1271,'2015-07-21 14:37:00',2,26,7),
	(1272,'2015-07-21 14:37:00',2,20,3),
	(1273,'2015-07-21 14:37:00',2,26,3),
	(1274,'2015-07-21 14:37:00',2,171,3),
	(1275,'2015-07-21 14:37:00',2,20,8),
	(1276,'2015-07-21 14:37:00',2,26,8),
	(1277,'2015-07-21 14:37:00',2,171,8),
	(1278,'2015-07-21 14:37:00',2,173,8),
	(1279,'2015-07-21 14:43:07',2,179,7),
	(1280,'2015-07-21 14:43:07',2,181,7),
	(1281,'2015-07-21 14:43:07',2,179,3),
	(1282,'2015-07-21 14:43:07',2,181,3),
	(1283,'2015-07-21 14:43:07',2,171,3),
	(1284,'2015-07-21 14:43:07',2,179,8),
	(1285,'2015-07-21 14:43:07',2,181,8),
	(1286,'2015-07-21 14:43:07',2,171,8),
	(1287,'2015-07-21 14:43:07',2,173,8),
	(1288,'2015-07-21 14:43:50',2,181,7),
	(1289,'2015-07-21 14:43:50',2,46,7),
	(1290,'2015-07-21 14:43:51',2,181,3),
	(1291,'2015-07-21 14:43:51',2,46,3),
	(1292,'2015-07-21 14:43:51',2,171,3),
	(1293,'2015-07-21 14:43:51',2,181,8),
	(1294,'2015-07-21 14:43:51',2,46,8),
	(1295,'2015-07-21 14:43:51',2,171,8),
	(1296,'2015-07-21 14:43:51',2,173,8),
	(1297,'2015-07-21 14:44:24',2,171,7),
	(1298,'2015-07-21 14:44:24',2,32,7),
	(1299,'2015-07-21 14:44:24',2,171,3),
	(1300,'2015-07-21 14:44:24',2,32,3),
	(1301,'2015-07-21 14:44:24',2,173,3),
	(1302,'2015-07-21 14:44:24',2,171,8),
	(1303,'2015-07-21 14:44:24',2,32,8),
	(1304,'2015-07-21 14:44:24',2,173,8),
	(1305,'2015-07-21 14:44:24',2,169,8),
	(1306,'2015-07-21 15:04:21',2,173,7),
	(1307,'2015-07-21 15:04:21',2,57,7),
	(1308,'2015-07-21 15:04:21',2,173,3),
	(1309,'2015-07-21 15:04:21',2,57,3),
	(1310,'2015-07-21 15:04:21',2,171,3),
	(1311,'2015-07-21 15:04:21',2,173,8),
	(1312,'2015-07-21 15:04:21',2,57,8),
	(1313,'2015-07-21 15:04:21',2,171,8),
	(1314,'2015-07-21 15:04:21',2,169,8),
	(1315,'2015-07-21 15:35:30',2,173,7),
	(1316,'2015-07-21 15:35:30',2,46,7),
	(1317,'2015-07-21 15:35:30',2,173,3),
	(1318,'2015-07-21 15:35:30',2,46,3),
	(1319,'2015-07-21 15:35:30',2,171,3),
	(1320,'2015-07-21 15:35:30',2,173,8),
	(1321,'2015-07-21 15:35:30',2,46,8),
	(1322,'2015-07-21 15:35:30',2,171,8),
	(1323,'2015-07-21 15:35:30',2,169,8),
	(1324,'2015-07-21 16:05:49',2,169,7),
	(1325,'2015-07-21 16:05:49',2,54,7),
	(1326,'2015-07-21 16:05:50',2,169,3),
	(1327,'2015-07-21 16:05:50',2,54,3),
	(1328,'2015-07-21 16:05:50',2,171,3),
	(1329,'2015-07-21 16:05:50',2,169,8),
	(1330,'2015-07-21 16:05:50',2,54,8),
	(1331,'2015-07-21 16:05:50',2,171,8),
	(1332,'2015-07-21 16:05:50',2,173,8),
	(1333,'2015-07-21 16:05:56',2,169,7),
	(1334,'2015-07-21 16:05:56',2,34,7),
	(1335,'2015-07-21 16:05:57',2,169,3),
	(1336,'2015-07-21 16:05:57',2,34,3),
	(1337,'2015-07-21 16:05:57',2,171,3),
	(1338,'2015-07-21 16:05:57',2,169,8),
	(1339,'2015-07-21 16:05:57',2,34,8),
	(1340,'2015-07-21 16:05:57',2,171,8),
	(1341,'2015-07-21 16:05:57',2,173,8),
	(1342,'2015-07-21 16:06:03',2,169,7),
	(1343,'2015-07-21 16:06:03',2,47,7),
	(1344,'2015-07-21 16:06:03',2,169,3),
	(1345,'2015-07-21 16:06:03',2,47,3),
	(1346,'2015-07-21 16:06:03',2,171,3),
	(1347,'2015-07-21 16:06:03',2,169,8),
	(1348,'2015-07-21 16:06:03',2,47,8),
	(1349,'2015-07-21 16:06:03',2,171,8),
	(1350,'2015-07-21 16:06:03',2,173,8),
	(1351,'2015-07-21 16:06:06',2,169,7),
	(1352,'2015-07-21 16:06:06',2,20,7),
	(1353,'2015-07-21 16:06:06',2,169,3),
	(1354,'2015-07-21 16:06:06',2,20,3),
	(1355,'2015-07-21 16:06:06',2,171,3),
	(1356,'2015-07-21 16:06:06',2,169,8),
	(1357,'2015-07-21 16:06:06',2,20,8),
	(1358,'2015-07-21 16:06:06',2,171,8),
	(1359,'2015-07-21 16:06:06',2,173,8),
	(1360,'2015-07-21 16:06:08',2,169,7),
	(1361,'2015-07-21 16:06:09',2,20,7),
	(1362,'2015-07-21 16:06:09',2,169,3),
	(1363,'2015-07-21 16:06:09',2,20,3),
	(1364,'2015-07-21 16:06:09',2,171,3),
	(1365,'2015-07-21 16:06:09',2,169,8),
	(1366,'2015-07-21 16:06:09',2,20,8),
	(1367,'2015-07-21 16:06:09',2,171,8),
	(1368,'2015-07-21 16:06:09',2,173,8),
	(1369,'2015-07-21 16:06:10',2,169,7),
	(1370,'2015-07-21 16:06:10',2,34,7),
	(1371,'2015-07-21 16:06:10',2,169,3),
	(1372,'2015-07-21 16:06:10',2,34,3),
	(1373,'2015-07-21 16:06:10',2,171,3),
	(1374,'2015-07-21 16:06:10',2,169,8),
	(1375,'2015-07-21 16:06:10',2,34,8),
	(1376,'2015-07-21 16:06:10',2,171,8),
	(1377,'2015-07-21 16:06:10',2,173,8),
	(1378,'2015-07-21 16:06:11',2,169,7),
	(1379,'2015-07-21 16:06:11',2,47,7),
	(1380,'2015-07-21 16:06:12',2,169,3),
	(1381,'2015-07-21 16:06:12',2,47,3),
	(1382,'2015-07-21 16:06:12',2,171,3),
	(1383,'2015-07-21 16:06:12',2,169,8),
	(1384,'2015-07-21 16:06:12',2,47,8),
	(1385,'2015-07-21 16:06:12',2,171,8),
	(1386,'2015-07-21 16:06:12',2,173,8),
	(1387,'2015-07-21 16:06:13',2,169,7),
	(1388,'2015-07-21 16:06:13',2,45,7),
	(1389,'2015-07-21 16:06:13',2,169,3),
	(1390,'2015-07-21 16:06:13',2,45,3),
	(1391,'2015-07-21 16:06:13',2,171,3),
	(1392,'2015-07-21 16:06:13',2,169,8),
	(1393,'2015-07-21 16:06:13',2,45,8),
	(1394,'2015-07-21 16:06:13',2,171,8),
	(1395,'2015-07-21 16:06:13',2,173,8),
	(1396,'2015-07-21 16:06:17',2,169,7),
	(1397,'2015-07-21 16:06:17',2,165,7),
	(1398,'2015-07-21 16:06:17',2,169,3),
	(1399,'2015-07-21 16:06:17',2,165,3),
	(1400,'2015-07-21 16:06:17',2,171,3),
	(1401,'2015-07-21 16:06:17',2,169,8),
	(1402,'2015-07-21 16:06:17',2,165,8),
	(1403,'2015-07-21 16:06:17',2,171,8),
	(1404,'2015-07-21 16:06:17',2,173,8),
	(1405,'2015-07-21 16:06:19',2,169,7),
	(1406,'2015-07-21 16:06:19',2,56,7),
	(1407,'2015-07-21 16:06:19',2,169,3),
	(1408,'2015-07-21 16:06:19',2,56,3),
	(1409,'2015-07-21 16:06:19',2,171,3),
	(1410,'2015-07-21 16:06:19',2,169,8),
	(1411,'2015-07-21 16:06:19',2,56,8),
	(1412,'2015-07-21 16:06:19',2,171,8),
	(1413,'2015-07-21 16:06:19',2,173,8),
	(1414,'2015-07-21 16:06:20',2,169,7),
	(1415,'2015-07-21 16:06:20',2,43,7),
	(1416,'2015-07-21 16:06:21',2,169,3),
	(1417,'2015-07-21 16:06:21',2,43,3),
	(1418,'2015-07-21 16:06:21',2,171,3),
	(1419,'2015-07-21 16:06:21',2,169,8),
	(1420,'2015-07-21 16:06:21',2,43,8),
	(1421,'2015-07-21 16:06:21',2,171,8),
	(1422,'2015-07-21 16:06:21',2,173,8),
	(1423,'2015-07-21 16:06:22',2,169,7),
	(1424,'2015-07-21 16:06:22',2,171,7),
	(1425,'2015-07-21 16:06:22',2,169,3),
	(1426,'2015-07-21 16:06:22',2,171,3),
	(1427,'2015-07-21 16:06:22',2,173,3),
	(1428,'2015-07-21 16:06:22',2,169,8),
	(1429,'2015-07-21 16:06:22',2,171,8),
	(1430,'2015-07-21 16:06:22',2,173,8),
	(1431,'2015-07-21 16:06:22',2,175,8),
	(1432,'2015-07-21 16:07:21',2,169,7),
	(1433,'2015-07-21 16:07:21',2,179,7),
	(1434,'2015-07-21 16:07:21',2,169,3),
	(1435,'2015-07-21 16:07:21',2,179,3),
	(1436,'2015-07-21 16:07:21',2,171,3),
	(1437,'2015-07-21 16:07:21',2,169,8),
	(1438,'2015-07-21 16:07:21',2,179,8),
	(1439,'2015-07-21 16:07:21',2,171,8),
	(1440,'2015-07-21 16:07:21',2,173,8),
	(1441,'2015-07-21 16:07:23',2,169,7),
	(1442,'2015-07-21 16:07:23',2,167,7),
	(1443,'2015-07-21 16:07:23',2,169,3),
	(1444,'2015-07-21 16:07:23',2,167,3),
	(1445,'2015-07-21 16:07:23',2,171,3),
	(1446,'2015-07-21 16:07:23',2,169,8),
	(1447,'2015-07-21 16:07:23',2,167,8),
	(1448,'2015-07-21 16:07:23',2,171,8),
	(1449,'2015-07-21 16:07:23',2,173,8),
	(1450,'2015-07-21 16:07:25',2,169,7),
	(1451,'2015-07-21 16:07:25',2,54,7),
	(1452,'2015-07-21 16:07:25',2,169,3),
	(1453,'2015-07-21 16:07:25',2,54,3),
	(1454,'2015-07-21 16:07:25',2,171,3),
	(1455,'2015-07-21 16:07:25',2,169,8),
	(1456,'2015-07-21 16:07:25',2,54,8),
	(1457,'2015-07-21 16:07:25',2,171,8),
	(1458,'2015-07-21 16:07:25',2,173,8),
	(1459,'2015-07-21 16:07:26',2,169,7),
	(1460,'2015-07-21 16:07:26',2,20,7),
	(1461,'2015-07-21 16:07:27',2,169,3),
	(1462,'2015-07-21 16:07:27',2,20,3),
	(1463,'2015-07-21 16:07:27',2,171,3),
	(1464,'2015-07-21 16:07:27',2,169,8),
	(1465,'2015-07-21 16:07:27',2,20,8),
	(1466,'2015-07-21 16:07:27',2,171,8),
	(1467,'2015-07-21 16:07:27',2,173,8),
	(1468,'2015-07-21 16:07:28',2,169,7),
	(1469,'2015-07-21 16:07:28',2,26,7),
	(1470,'2015-07-21 16:07:28',2,169,3),
	(1471,'2015-07-21 16:07:28',2,26,3),
	(1472,'2015-07-21 16:07:28',2,171,3),
	(1473,'2015-07-21 16:07:28',2,169,8),
	(1474,'2015-07-21 16:07:28',2,26,8),
	(1475,'2015-07-21 16:07:28',2,171,8),
	(1476,'2015-07-21 16:07:28',2,173,8),
	(1477,'2015-07-21 16:07:30',2,169,7),
	(1478,'2015-07-21 16:07:30',2,171,7),
	(1479,'2015-07-21 16:07:30',2,169,3),
	(1480,'2015-07-21 16:07:30',2,171,3),
	(1481,'2015-07-21 16:07:30',2,173,3),
	(1482,'2015-07-21 16:07:30',2,169,8),
	(1483,'2015-07-21 16:07:30',2,171,8),
	(1484,'2015-07-21 16:07:30',2,173,8),
	(1485,'2015-07-21 16:07:30',2,175,8),
	(1486,'2015-07-21 16:14:39',2,169,7),
	(1487,'2015-07-21 16:14:39',2,44,7),
	(1488,'2015-07-21 16:14:40',2,169,3),
	(1489,'2015-07-21 16:14:40',2,44,3),
	(1490,'2015-07-21 16:14:40',2,171,3),
	(1491,'2015-07-21 16:14:40',2,169,8),
	(1492,'2015-07-21 16:14:40',2,44,8),
	(1493,'2015-07-21 16:14:40',2,171,8),
	(1494,'2015-07-21 16:14:40',2,173,8),
	(1495,'2015-07-21 16:14:45',2,169,7),
	(1496,'2015-07-21 16:14:45',2,45,7),
	(1497,'2015-07-21 16:14:45',2,169,3),
	(1498,'2015-07-21 16:14:45',2,45,3),
	(1499,'2015-07-21 16:14:45',2,171,3),
	(1500,'2015-07-21 16:14:45',2,169,8),
	(1501,'2015-07-21 16:14:45',2,45,8),
	(1502,'2015-07-21 16:14:45',2,171,8),
	(1503,'2015-07-21 16:14:45',2,173,8),
	(1504,'2015-07-21 16:14:59',2,171,7),
	(1505,'2015-07-21 16:14:59',2,173,7),
	(1506,'2015-07-21 16:15:00',2,171,3),
	(1507,'2015-07-21 16:15:00',2,173,3),
	(1508,'2015-07-21 16:15:00',2,175,3),
	(1509,'2015-07-21 16:15:00',2,171,8),
	(1510,'2015-07-21 16:15:00',2,173,8),
	(1511,'2015-07-21 16:15:00',2,175,8),
	(1512,'2015-07-21 16:15:00',2,169,8),
	(1513,'2015-07-21 16:15:58',2,183,7),
	(1514,'2015-07-21 16:15:58',2,181,7),
	(1515,'2015-07-21 16:15:58',2,183,3),
	(1516,'2015-07-21 16:15:58',2,181,3),
	(1517,'2015-07-21 16:15:58',2,171,3),
	(1518,'2015-07-21 16:15:58',2,183,8),
	(1519,'2015-07-21 16:15:58',2,181,8),
	(1520,'2015-07-21 16:15:58',2,171,8),
	(1521,'2015-07-21 16:15:58',2,173,8),
	(1522,'2015-07-21 16:16:07',2,183,7),
	(1523,'2015-07-21 16:16:07',2,26,7),
	(1524,'2015-07-21 16:16:07',2,183,3),
	(1525,'2015-07-21 16:16:07',2,26,3),
	(1526,'2015-07-21 16:16:07',2,171,3),
	(1527,'2015-07-21 16:16:07',2,183,8),
	(1528,'2015-07-21 16:16:07',2,26,8),
	(1529,'2015-07-21 16:16:07',2,171,8),
	(1530,'2015-07-21 16:16:07',2,173,8),
	(1531,'2015-07-22 09:33:11',2,179,7),
	(1532,'2015-07-22 09:33:11',2,20,7),
	(1533,'2015-07-22 09:33:12',2,179,3),
	(1534,'2015-07-22 09:33:12',2,20,3),
	(1535,'2015-07-22 09:33:12',2,171,3),
	(1536,'2015-07-22 09:33:12',2,179,8),
	(1537,'2015-07-22 09:33:12',2,20,8),
	(1538,'2015-07-22 09:33:12',2,171,8),
	(1539,'2015-07-22 09:33:12',2,173,8),
	(1540,'2015-07-22 09:37:21',2,173,7),
	(1541,'2015-07-22 09:37:21',2,46,7),
	(1542,'2015-07-22 09:37:21',2,173,3),
	(1543,'2015-07-22 09:37:21',2,46,3),
	(1544,'2015-07-22 09:37:21',2,171,3),
	(1545,'2015-07-22 09:37:21',2,173,8),
	(1546,'2015-07-22 09:37:21',2,46,8),
	(1547,'2015-07-22 09:37:21',2,171,8),
	(1548,'2015-07-22 09:37:21',2,169,8),
	(1549,'2015-07-22 09:45:56',2,179,7),
	(1550,'2015-07-22 09:45:56',2,24,7),
	(1551,'2015-07-22 09:45:56',2,179,3),
	(1552,'2015-07-22 09:45:56',2,24,3),
	(1553,'2015-07-22 09:45:56',2,171,3),
	(1554,'2015-07-22 09:45:56',2,179,8),
	(1555,'2015-07-22 09:45:56',2,24,8),
	(1556,'2015-07-22 09:45:56',2,171,8),
	(1557,'2015-07-22 09:45:56',2,173,8),
	(1558,'2015-07-22 09:55:08',2,169,7),
	(1559,'2015-07-22 09:55:08',2,41,7),
	(1560,'2015-07-22 09:55:08',2,169,3),
	(1561,'2015-07-22 09:55:08',2,41,3),
	(1562,'2015-07-22 09:55:08',2,171,3),
	(1563,'2015-07-22 09:55:08',2,169,8),
	(1564,'2015-07-22 09:55:08',2,41,8),
	(1565,'2015-07-22 09:55:08',2,171,8),
	(1566,'2015-07-22 09:55:08',2,173,8),
	(1567,'2015-07-22 10:08:14',2,179,7),
	(1568,'2015-07-22 10:08:14',2,177,7),
	(1569,'2015-07-22 10:08:14',2,179,3),
	(1570,'2015-07-22 10:08:14',2,177,3),
	(1571,'2015-07-22 10:08:14',2,171,3),
	(1572,'2015-07-22 10:08:14',2,179,8),
	(1573,'2015-07-22 10:08:14',2,177,8),
	(1574,'2015-07-22 10:08:14',2,171,8),
	(1575,'2015-07-22 10:08:14',2,173,8),
	(1576,'2015-07-22 10:11:59',2,173,7),
	(1577,'2015-07-22 10:11:59',2,28,7),
	(1578,'2015-07-22 10:12:00',2,173,3),
	(1579,'2015-07-22 10:12:00',2,28,3),
	(1580,'2015-07-22 10:12:00',2,171,3),
	(1581,'2015-07-22 10:12:00',2,173,8),
	(1582,'2015-07-22 10:12:00',2,28,8),
	(1583,'2015-07-22 10:12:00',2,171,8),
	(1584,'2015-07-22 10:12:00',2,169,8),
	(1585,'2015-07-22 10:12:34',2,171,7),
	(1586,'2015-07-22 10:12:34',2,32,7),
	(1587,'2015-07-22 10:12:34',2,171,3),
	(1588,'2015-07-22 10:12:34',2,32,3),
	(1589,'2015-07-22 10:12:34',2,173,3),
	(1590,'2015-07-22 10:12:34',2,171,8),
	(1591,'2015-07-22 10:12:34',2,32,8),
	(1592,'2015-07-22 10:12:34',2,173,8),
	(1593,'2015-07-22 10:12:34',2,169,8),
	(1594,'2015-07-22 10:38:23',2,169,7),
	(1595,'2015-07-22 10:38:23',2,51,7),
	(1596,'2015-07-22 10:38:24',2,169,3),
	(1597,'2015-07-22 10:38:24',2,51,3),
	(1598,'2015-07-22 10:38:24',2,171,3),
	(1599,'2015-07-22 10:38:24',2,169,8),
	(1600,'2015-07-22 10:38:24',2,51,8),
	(1601,'2015-07-22 10:38:24',2,171,8),
	(1602,'2015-07-22 10:38:24',2,173,8),
	(1603,'2015-07-22 11:00:37',2,179,7),
	(1604,'2015-07-22 11:00:37',2,175,7),
	(1605,'2015-07-22 11:00:37',2,179,3),
	(1606,'2015-07-22 11:00:37',2,175,3),
	(1607,'2015-07-22 11:00:37',2,171,3),
	(1608,'2015-07-22 11:00:37',2,179,8),
	(1609,'2015-07-22 11:00:37',2,175,8),
	(1610,'2015-07-22 11:00:37',2,171,8),
	(1611,'2015-07-22 11:00:37',2,173,8),
	(1612,'2015-07-22 11:01:08',2,171,7),
	(1613,'2015-07-22 11:01:08',2,55,7),
	(1614,'2015-07-22 11:01:09',2,171,3),
	(1615,'2015-07-22 11:01:09',2,55,3),
	(1616,'2015-07-22 11:01:09',2,173,3),
	(1617,'2015-07-22 11:01:09',2,171,8),
	(1618,'2015-07-22 11:01:09',2,55,8),
	(1619,'2015-07-22 11:01:09',2,173,8),
	(1620,'2015-07-22 11:01:09',2,169,8),
	(1621,'2015-07-22 11:03:37',2,179,7),
	(1622,'2015-07-22 11:03:37',2,53,7),
	(1623,'2015-07-22 11:03:38',2,179,3),
	(1624,'2015-07-22 11:03:38',2,53,3),
	(1625,'2015-07-22 11:03:38',2,171,3),
	(1626,'2015-07-22 11:03:38',2,179,8),
	(1627,'2015-07-22 11:03:38',2,53,8),
	(1628,'2015-07-22 11:03:38',2,171,8),
	(1629,'2015-07-22 11:03:38',2,173,8),
	(1630,'2015-07-22 11:06:24',2,171,7),
	(1631,'2015-07-22 11:06:24',2,36,7),
	(1632,'2015-07-22 11:06:25',2,171,3),
	(1633,'2015-07-22 11:06:25',2,36,3),
	(1634,'2015-07-22 11:06:25',2,173,3),
	(1635,'2015-07-22 11:06:25',2,171,8),
	(1636,'2015-07-22 11:06:25',2,36,8),
	(1637,'2015-07-22 11:06:25',2,173,8),
	(1638,'2015-07-22 11:06:25',2,169,8),
	(1639,'2015-07-22 11:09:27',2,183,7),
	(1640,'2015-07-22 11:09:27',2,57,7),
	(1641,'2015-07-22 11:09:27',2,183,3),
	(1642,'2015-07-22 11:09:27',2,57,3),
	(1643,'2015-07-22 11:09:27',2,171,3),
	(1644,'2015-07-22 11:09:27',2,183,8),
	(1645,'2015-07-22 11:09:27',2,57,8),
	(1646,'2015-07-22 11:09:27',2,171,8),
	(1647,'2015-07-22 11:09:27',2,173,8),
	(1648,'2015-07-22 11:10:45',2,171,7),
	(1649,'2015-07-22 11:10:45',2,54,7),
	(1650,'2015-07-22 11:10:45',2,171,3),
	(1651,'2015-07-22 11:10:45',2,54,3),
	(1652,'2015-07-22 11:10:45',2,173,3),
	(1653,'2015-07-22 11:10:45',2,171,8),
	(1654,'2015-07-22 11:10:45',2,54,8),
	(1655,'2015-07-22 11:10:45',2,173,8),
	(1656,'2015-07-22 11:10:45',2,169,8),
	(1657,'2015-07-22 11:14:47',2,173,7),
	(1658,'2015-07-22 11:14:47',2,32,7),
	(1659,'2015-07-22 11:14:47',2,173,3),
	(1660,'2015-07-22 11:14:47',2,32,3),
	(1661,'2015-07-22 11:14:47',2,171,3),
	(1662,'2015-07-22 11:14:47',2,173,8),
	(1663,'2015-07-22 11:14:47',2,32,8),
	(1664,'2015-07-22 11:14:47',2,171,8),
	(1665,'2015-07-22 11:14:47',2,169,8),
	(1666,'2015-07-22 11:18:10',2,183,7),
	(1667,'2015-07-22 11:18:10',2,45,7),
	(1668,'2015-07-22 11:18:10',2,183,3),
	(1669,'2015-07-22 11:18:10',2,45,3),
	(1670,'2015-07-22 11:18:10',2,171,3),
	(1671,'2015-07-22 11:18:10',2,183,8),
	(1672,'2015-07-22 11:18:10',2,45,8),
	(1673,'2015-07-22 11:18:10',2,171,8),
	(1674,'2015-07-22 11:18:10',2,173,8),
	(1675,'2015-07-22 11:20:01',2,169,7),
	(1676,'2015-07-22 11:20:01',2,179,7),
	(1677,'2015-07-22 11:20:01',2,169,3),
	(1678,'2015-07-22 11:20:01',2,179,3),
	(1679,'2015-07-22 11:20:01',2,171,3),
	(1680,'2015-07-22 11:20:01',2,169,8),
	(1681,'2015-07-22 11:20:01',2,179,8),
	(1682,'2015-07-22 11:20:01',2,171,8),
	(1683,'2015-07-22 11:20:01',2,173,8),
	(1684,'2015-07-22 11:21:51',2,169,7),
	(1685,'2015-07-22 11:21:51',2,183,7),
	(1686,'2015-07-22 11:21:51',2,169,3),
	(1687,'2015-07-22 11:21:51',2,183,3),
	(1688,'2015-07-22 11:21:51',2,171,3),
	(1689,'2015-07-22 11:21:51',2,169,8),
	(1690,'2015-07-22 11:21:51',2,183,8),
	(1691,'2015-07-22 11:21:51',2,171,8),
	(1692,'2015-07-22 11:21:51',2,173,8),
	(1693,'2015-07-22 11:23:09',2,183,7),
	(1694,'2015-07-22 11:23:09',2,41,7),
	(1695,'2015-07-22 11:23:09',2,183,3),
	(1696,'2015-07-22 11:23:09',2,41,3),
	(1697,'2015-07-22 11:23:09',2,171,3),
	(1698,'2015-07-22 11:23:09',2,183,8),
	(1699,'2015-07-22 11:23:09',2,41,8),
	(1700,'2015-07-22 11:23:09',2,171,8),
	(1701,'2015-07-22 11:23:09',2,173,8),
	(1702,'2015-07-22 11:25:33',2,175,7),
	(1703,'2015-07-22 11:25:33',2,28,7),
	(1704,'2015-07-22 11:25:33',2,175,3),
	(1705,'2015-07-22 11:25:33',2,28,3),
	(1706,'2015-07-22 11:25:33',2,171,3),
	(1707,'2015-07-22 11:25:33',2,175,8),
	(1708,'2015-07-22 11:25:33',2,28,8),
	(1709,'2015-07-22 11:25:33',2,171,8),
	(1710,'2015-07-22 11:25:33',2,173,8),
	(1711,'2015-07-22 11:27:24',2,175,7),
	(1712,'2015-07-22 11:27:24',2,36,7),
	(1713,'2015-07-22 11:27:24',2,175,3),
	(1714,'2015-07-22 11:27:24',2,36,3),
	(1715,'2015-07-22 11:27:24',2,171,3),
	(1716,'2015-07-22 11:27:24',2,175,8),
	(1717,'2015-07-22 11:27:24',2,36,8),
	(1718,'2015-07-22 11:27:24',2,171,8),
	(1719,'2015-07-22 11:27:24',2,173,8),
	(1720,'2015-07-22 11:28:06',2,173,7),
	(1721,'2015-07-22 11:28:06',2,51,7),
	(1722,'2015-07-22 11:28:07',2,173,3),
	(1723,'2015-07-22 11:28:07',2,51,3),
	(1724,'2015-07-22 11:28:07',2,171,3),
	(1725,'2015-07-22 11:28:07',2,173,8),
	(1726,'2015-07-22 11:28:07',2,51,8),
	(1727,'2015-07-22 11:28:07',2,171,8),
	(1728,'2015-07-22 11:28:07',2,169,8),
	(1729,'2015-07-22 11:32:57',2,179,7),
	(1730,'2015-07-22 11:32:57',2,173,7),
	(1731,'2015-07-22 11:32:57',2,179,3),
	(1732,'2015-07-22 11:32:57',2,173,3),
	(1733,'2015-07-22 11:32:57',2,171,3),
	(1734,'2015-07-22 11:32:57',2,179,8),
	(1735,'2015-07-22 11:32:57',2,173,8),
	(1736,'2015-07-22 11:32:57',2,171,8),
	(1737,'2015-07-22 11:32:57',2,169,8),
	(1738,'2015-07-22 11:33:35',2,171,7),
	(1739,'2015-07-22 11:33:35',2,175,7),
	(1740,'2015-07-22 11:33:35',2,171,3),
	(1741,'2015-07-22 11:33:35',2,175,3),
	(1742,'2015-07-22 11:33:35',2,173,3),
	(1743,'2015-07-22 11:33:35',2,171,8),
	(1744,'2015-07-22 11:33:35',2,175,8),
	(1745,'2015-07-22 11:33:35',2,173,8),
	(1746,'2015-07-22 11:33:35',2,169,8),
	(1747,'2015-07-22 11:43:56',2,179,7),
	(1748,'2015-07-22 11:43:56',2,36,7),
	(1749,'2015-07-22 11:43:57',2,179,3),
	(1750,'2015-07-22 11:43:57',2,36,3),
	(1751,'2015-07-22 11:43:57',2,171,3),
	(1752,'2015-07-22 11:43:57',2,179,8),
	(1753,'2015-07-22 11:43:57',2,36,8),
	(1754,'2015-07-22 11:43:57',2,171,8),
	(1755,'2015-07-22 11:43:57',2,173,8),
	(1756,'2015-07-22 11:44:55',2,179,7),
	(1757,'2015-07-22 11:44:55',2,43,7),
	(1758,'2015-07-22 11:44:55',2,179,3),
	(1759,'2015-07-22 11:44:55',2,43,3),
	(1760,'2015-07-22 11:44:55',2,171,3),
	(1761,'2015-07-22 11:44:55',2,179,8),
	(1762,'2015-07-22 11:44:55',2,43,8),
	(1763,'2015-07-22 11:44:55',2,171,8),
	(1764,'2015-07-22 11:44:55',2,173,8),
	(1765,'2015-07-22 11:45:26',2,171,7),
	(1766,'2015-07-22 11:45:26',2,32,7),
	(1767,'2015-07-22 11:45:27',2,171,3),
	(1768,'2015-07-22 11:45:27',2,32,3),
	(1769,'2015-07-22 11:45:27',2,173,3),
	(1770,'2015-07-22 11:45:27',2,171,8),
	(1771,'2015-07-22 11:45:27',2,32,8),
	(1772,'2015-07-22 11:45:27',2,173,8),
	(1773,'2015-07-22 11:45:27',2,169,8),
	(1774,'2015-07-22 11:53:43',2,169,7),
	(1775,'2015-07-22 11:53:43',2,24,7),
	(1776,'2015-07-22 11:53:44',2,169,3),
	(1777,'2015-07-22 11:53:44',2,24,3),
	(1778,'2015-07-22 11:53:44',2,171,3),
	(1779,'2015-07-22 11:53:44',2,169,8),
	(1780,'2015-07-22 11:53:44',2,24,8),
	(1781,'2015-07-22 11:53:44',2,171,8),
	(1782,'2015-07-22 11:53:44',2,173,8),
	(1783,'2015-07-22 11:54:19',2,171,7),
	(1784,'2015-07-22 11:54:19',2,169,7),
	(1785,'2015-07-22 11:54:20',2,171,3),
	(1786,'2015-07-22 11:54:20',2,169,3),
	(1787,'2015-07-22 11:54:20',2,173,3),
	(1788,'2015-07-22 11:54:20',2,171,8),
	(1789,'2015-07-22 11:54:20',2,169,8),
	(1790,'2015-07-22 11:54:20',2,173,8),
	(1791,'2015-07-22 11:54:20',2,175,8),
	(1792,'2015-07-22 12:53:28',2,175,7),
	(1793,'2015-07-22 12:53:28',2,179,7),
	(1794,'2015-07-22 12:53:29',2,175,3),
	(1795,'2015-07-22 12:53:29',2,179,3),
	(1796,'2015-07-22 12:53:29',2,171,3),
	(1797,'2015-07-22 12:53:29',2,175,8),
	(1798,'2015-07-22 12:53:29',2,179,8),
	(1799,'2015-07-22 12:53:29',2,171,8),
	(1800,'2015-07-22 12:53:29',2,173,8),
	(1801,'2015-07-22 12:54:01',2,171,7),
	(1802,'2015-07-22 12:54:01',2,34,7),
	(1803,'2015-07-22 12:54:01',2,171,3),
	(1804,'2015-07-22 12:54:01',2,34,3),
	(1805,'2015-07-22 12:54:01',2,173,3),
	(1806,'2015-07-22 12:54:01',2,171,8),
	(1807,'2015-07-22 12:54:01',2,34,8),
	(1808,'2015-07-22 12:54:01',2,173,8),
	(1809,'2015-07-22 12:54:01',2,169,8),
	(1810,'2015-07-22 12:56:12',2,171,7),
	(1811,'2015-07-22 12:56:12',2,183,7),
	(1812,'2015-07-22 12:56:12',2,171,3),
	(1813,'2015-07-22 12:56:12',2,183,3),
	(1814,'2015-07-22 12:56:12',2,173,3),
	(1815,'2015-07-22 12:56:12',2,171,8),
	(1816,'2015-07-22 12:56:12',2,183,8),
	(1817,'2015-07-22 12:56:12',2,173,8),
	(1818,'2015-07-22 12:56:12',2,169,8),
	(1819,'2015-07-22 12:56:44',2,173,7),
	(1820,'2015-07-22 12:56:44',2,41,7),
	(1821,'2015-07-22 12:56:44',2,173,3),
	(1822,'2015-07-22 12:56:44',2,41,3),
	(1823,'2015-07-22 12:56:44',2,171,3),
	(1824,'2015-07-22 12:56:44',2,173,8),
	(1825,'2015-07-22 12:56:44',2,41,8),
	(1826,'2015-07-22 12:56:44',2,171,8),
	(1827,'2015-07-22 12:56:44',2,169,8),
	(1828,'2015-07-22 12:57:16',2,171,7),
	(1829,'2015-07-22 12:57:16',2,50,7),
	(1830,'2015-07-22 12:57:16',2,171,3),
	(1831,'2015-07-22 12:57:16',2,50,3),
	(1832,'2015-07-22 12:57:16',2,173,3),
	(1833,'2015-07-22 12:57:16',2,171,8),
	(1834,'2015-07-22 12:57:16',2,50,8),
	(1835,'2015-07-22 12:57:16',2,173,8),
	(1836,'2015-07-22 12:57:16',2,169,8),
	(1837,'2015-07-22 12:57:48',2,169,7),
	(1838,'2015-07-22 12:57:48',2,167,7),
	(1839,'2015-07-22 12:57:48',2,169,3),
	(1840,'2015-07-22 12:57:48',2,167,3),
	(1841,'2015-07-22 12:57:48',2,171,3),
	(1842,'2015-07-22 12:57:48',2,169,8),
	(1843,'2015-07-22 12:57:48',2,167,8),
	(1844,'2015-07-22 12:57:48',2,171,8),
	(1845,'2015-07-22 12:57:48',2,173,8),
	(1846,'2015-07-22 13:17:18',2,171,7),
	(1847,'2015-07-22 13:17:18',2,46,7),
	(1848,'2015-07-22 13:17:18',2,171,3),
	(1849,'2015-07-22 13:17:18',2,46,3),
	(1850,'2015-07-22 13:17:18',2,173,3),
	(1851,'2015-07-22 13:17:18',2,171,8),
	(1852,'2015-07-22 13:17:18',2,46,8),
	(1853,'2015-07-22 13:17:18',2,173,8),
	(1854,'2015-07-22 13:17:18',2,169,8),
	(1855,'2015-07-22 13:20:01',2,175,7),
	(1856,'2015-07-22 13:20:01',2,165,7),
	(1857,'2015-07-22 13:20:01',2,175,3),
	(1858,'2015-07-22 13:20:01',2,165,3),
	(1859,'2015-07-22 13:20:01',2,171,3),
	(1860,'2015-07-22 13:20:01',2,175,8),
	(1861,'2015-07-22 13:20:01',2,165,8),
	(1862,'2015-07-22 13:20:01',2,171,8),
	(1863,'2015-07-22 13:20:01',2,173,8),
	(1864,'2015-07-22 13:25:00',2,169,7),
	(1865,'2015-07-22 13:25:00',2,181,7),
	(1866,'2015-07-22 13:25:00',2,169,3),
	(1867,'2015-07-22 13:25:00',2,181,3),
	(1868,'2015-07-22 13:25:00',2,171,3),
	(1869,'2015-07-22 13:25:00',2,169,8),
	(1870,'2015-07-22 13:25:00',2,181,8),
	(1871,'2015-07-22 13:25:00',2,171,8),
	(1872,'2015-07-22 13:25:00',2,173,8),
	(1873,'2015-07-22 13:27:33',2,173,7),
	(1874,'2015-07-22 13:27:33',2,53,7),
	(1875,'2015-07-22 13:27:33',2,173,3),
	(1876,'2015-07-22 13:27:33',2,53,3),
	(1877,'2015-07-22 13:27:33',2,171,3),
	(1878,'2015-07-22 13:27:33',2,173,8),
	(1879,'2015-07-22 13:27:33',2,53,8),
	(1880,'2015-07-22 13:27:33',2,171,8),
	(1881,'2015-07-22 13:27:33',2,169,8),
	(1882,'2015-07-22 13:29:17',2,173,7),
	(1883,'2015-07-22 13:29:17',2,46,7),
	(1884,'2015-07-22 13:29:18',2,173,3),
	(1885,'2015-07-22 13:29:18',2,46,3),
	(1886,'2015-07-22 13:29:18',2,171,3),
	(1887,'2015-07-22 13:29:18',2,173,8),
	(1888,'2015-07-22 13:29:18',2,46,8),
	(1889,'2015-07-22 13:29:18',2,171,8),
	(1890,'2015-07-22 13:29:18',2,169,8),
	(1891,'2015-07-22 13:32:50',2,169,7),
	(1892,'2015-07-22 13:32:50',2,56,7),
	(1893,'2015-07-22 13:32:50',2,169,3),
	(1894,'2015-07-22 13:32:50',2,56,3),
	(1895,'2015-07-22 13:32:50',2,171,3),
	(1896,'2015-07-22 13:32:50',2,169,8),
	(1897,'2015-07-22 13:32:50',2,56,8),
	(1898,'2015-07-22 13:32:50',2,171,8),
	(1899,'2015-07-22 13:32:50',2,173,8),
	(1900,'2015-07-22 13:37:30',2,169,7),
	(1901,'2015-07-22 13:37:30',2,43,7),
	(1902,'2015-07-22 13:37:31',2,169,3),
	(1903,'2015-07-22 13:37:31',2,43,3),
	(1904,'2015-07-22 13:37:31',2,171,3),
	(1905,'2015-07-22 13:37:31',2,169,8),
	(1906,'2015-07-22 13:37:31',2,43,8),
	(1907,'2015-07-22 13:37:31',2,171,8),
	(1908,'2015-07-22 13:37:31',2,173,8),
	(1909,'2015-07-22 13:39:24',2,175,7),
	(1910,'2015-07-22 13:39:24',2,173,7),
	(1911,'2015-07-22 13:39:25',2,175,3),
	(1912,'2015-07-22 13:39:25',2,173,3),
	(1913,'2015-07-22 13:39:25',2,171,3),
	(1914,'2015-07-22 13:39:25',2,175,8),
	(1915,'2015-07-22 13:39:25',2,173,8),
	(1916,'2015-07-22 13:39:25',2,171,8),
	(1917,'2015-07-22 13:39:25',2,169,8),
	(1918,'2015-07-22 13:45:36',2,179,7),
	(1919,'2015-07-22 13:45:36',2,56,7),
	(1920,'2015-07-22 13:45:36',2,179,3),
	(1921,'2015-07-22 13:45:36',2,56,3),
	(1922,'2015-07-22 13:45:36',2,171,3),
	(1923,'2015-07-22 13:45:36',2,179,8),
	(1924,'2015-07-22 13:45:36',2,56,8),
	(1925,'2015-07-22 13:45:36',2,171,8),
	(1926,'2015-07-22 13:45:36',2,173,8),
	(1927,'2015-07-22 13:49:44',2,183,7),
	(1928,'2015-07-22 13:49:44',2,52,7),
	(1929,'2015-07-22 13:49:45',2,183,3),
	(1930,'2015-07-22 13:49:45',2,52,3),
	(1931,'2015-07-22 13:49:45',2,171,3),
	(1932,'2015-07-22 13:49:45',2,183,8),
	(1933,'2015-07-22 13:49:45',2,52,8),
	(1934,'2015-07-22 13:49:45',2,171,8),
	(1935,'2015-07-22 13:49:45',2,173,8),
	(1936,'2015-07-22 13:52:37',2,171,7),
	(1937,'2015-07-22 13:52:37',2,55,7),
	(1938,'2015-07-22 13:52:38',2,171,3),
	(1939,'2015-07-22 13:52:38',2,55,3),
	(1940,'2015-07-22 13:52:38',2,173,3),
	(1941,'2015-07-22 13:52:38',2,171,8),
	(1942,'2015-07-22 13:52:38',2,55,8),
	(1943,'2015-07-22 13:52:38',2,173,8),
	(1944,'2015-07-22 13:52:38',2,169,8),
	(1945,'2015-07-22 13:55:25',2,183,7),
	(1946,'2015-07-22 13:55:25',2,41,7),
	(1947,'2015-07-22 13:55:25',2,183,3),
	(1948,'2015-07-22 13:55:25',2,41,3),
	(1949,'2015-07-22 13:55:25',2,171,3),
	(1950,'2015-07-22 13:55:25',2,183,8),
	(1951,'2015-07-22 13:55:25',2,41,8),
	(1952,'2015-07-22 13:55:25',2,171,8),
	(1953,'2015-07-22 13:55:25',2,173,8),
	(1954,'2015-07-22 14:01:20',2,169,7),
	(1955,'2015-07-22 14:01:20',2,30,7),
	(1956,'2015-07-22 14:01:20',2,169,3),
	(1957,'2015-07-22 14:01:20',2,30,3),
	(1958,'2015-07-22 14:01:20',2,171,3),
	(1959,'2015-07-22 14:01:20',2,169,8),
	(1960,'2015-07-22 14:01:20',2,30,8),
	(1961,'2015-07-22 14:01:20',2,171,8),
	(1962,'2015-07-22 14:01:20',2,173,8),
	(1963,'2015-07-22 14:08:45',2,171,7),
	(1964,'2015-07-22 14:08:45',2,51,7),
	(1965,'2015-07-22 14:08:46',2,171,3),
	(1966,'2015-07-22 14:08:46',2,51,3),
	(1967,'2015-07-22 14:08:46',2,173,3),
	(1968,'2015-07-22 14:08:46',2,171,8),
	(1969,'2015-07-22 14:08:46',2,51,8),
	(1970,'2015-07-22 14:08:46',2,173,8),
	(1971,'2015-07-22 14:08:46',2,169,8),
	(1972,'2015-07-22 14:09:21',2,173,7),
	(1973,'2015-07-22 14:09:21',2,177,7),
	(1974,'2015-07-22 14:09:21',2,173,3),
	(1975,'2015-07-22 14:09:21',2,177,3),
	(1976,'2015-07-22 14:09:21',2,171,3),
	(1977,'2015-07-22 14:09:21',2,173,8),
	(1978,'2015-07-22 14:09:21',2,177,8),
	(1979,'2015-07-22 14:09:21',2,171,8),
	(1980,'2015-07-22 14:09:21',2,169,8),
	(1981,'2015-07-22 14:12:45',2,171,7),
	(1982,'2015-07-22 14:12:45',2,42,7),
	(1983,'2015-07-22 14:12:46',2,171,3),
	(1984,'2015-07-22 14:12:46',2,42,3),
	(1985,'2015-07-22 14:12:46',2,173,3),
	(1986,'2015-07-22 14:12:46',2,171,8),
	(1987,'2015-07-22 14:12:46',2,42,8),
	(1988,'2015-07-22 14:12:46',2,173,8),
	(1989,'2015-07-22 14:12:46',2,169,8),
	(1990,'2015-07-22 14:13:03',2,171,7),
	(1991,'2015-07-22 14:13:03',2,169,7),
	(1992,'2015-07-22 14:13:03',2,171,3),
	(1993,'2015-07-22 14:13:03',2,169,3),
	(1994,'2015-07-22 14:13:03',2,173,3),
	(1995,'2015-07-22 14:13:03',2,171,8),
	(1996,'2015-07-22 14:13:03',2,169,8),
	(1997,'2015-07-22 14:13:03',2,173,8),
	(1998,'2015-07-22 14:13:03',2,175,8),
	(1999,'2015-07-22 14:15:08',2,183,7),
	(2000,'2015-07-22 14:15:08',2,20,7),
	(2001,'2015-07-22 14:15:09',2,183,3),
	(2002,'2015-07-22 14:15:09',2,20,3),
	(2003,'2015-07-22 14:15:09',2,171,3),
	(2004,'2015-07-22 14:15:09',2,183,8),
	(2005,'2015-07-22 14:15:09',2,20,8),
	(2006,'2015-07-22 14:15:09',2,171,8),
	(2007,'2015-07-22 14:15:09',2,173,8),
	(2008,'2015-07-22 14:15:25',2,171,7),
	(2009,'2015-07-22 14:15:25',2,47,7),
	(2010,'2015-07-22 14:15:26',2,171,3),
	(2011,'2015-07-22 14:15:26',2,47,3),
	(2012,'2015-07-22 14:15:26',2,173,3),
	(2013,'2015-07-22 14:15:26',2,171,8),
	(2014,'2015-07-22 14:15:26',2,47,8),
	(2015,'2015-07-22 14:15:26',2,173,8),
	(2016,'2015-07-22 14:15:26',2,169,8),
	(2017,'2015-07-22 14:15:57',2,173,7),
	(2018,'2015-07-22 14:15:57',2,46,7),
	(2019,'2015-07-22 14:15:57',2,173,3),
	(2020,'2015-07-22 14:15:58',2,46,3),
	(2021,'2015-07-22 14:15:58',2,171,3),
	(2022,'2015-07-22 14:15:58',2,173,8),
	(2023,'2015-07-22 14:15:58',2,46,8),
	(2024,'2015-07-22 14:15:58',2,171,8),
	(2025,'2015-07-22 14:15:58',2,169,8),
	(2026,'2015-07-22 14:16:13',2,171,7),
	(2027,'2015-07-22 14:16:13',2,167,7),
	(2028,'2015-07-22 14:16:13',2,171,3),
	(2029,'2015-07-22 14:16:13',2,167,3),
	(2030,'2015-07-22 14:16:13',2,173,3),
	(2031,'2015-07-22 14:16:13',2,171,8),
	(2032,'2015-07-22 14:16:13',2,167,8),
	(2033,'2015-07-22 14:16:13',2,173,8),
	(2034,'2015-07-22 14:16:13',2,169,8),
	(2035,'2015-07-22 14:20:43',2,169,7),
	(2036,'2015-07-22 14:20:43',2,30,7),
	(2037,'2015-07-22 14:20:43',2,169,3),
	(2038,'2015-07-22 14:20:43',2,30,3),
	(2039,'2015-07-22 14:20:43',2,171,3),
	(2040,'2015-07-22 14:20:43',2,169,8),
	(2041,'2015-07-22 14:20:43',2,30,8),
	(2042,'2015-07-22 14:20:43',2,171,8),
	(2043,'2015-07-22 14:20:43',2,173,8),
	(2044,'2015-07-22 14:21:08',2,173,7),
	(2045,'2015-07-22 14:21:08',2,36,7),
	(2046,'2015-07-22 14:21:08',2,173,3),
	(2047,'2015-07-22 14:21:08',2,36,3),
	(2048,'2015-07-22 14:21:08',2,171,3),
	(2049,'2015-07-22 14:21:08',2,173,8),
	(2050,'2015-07-22 14:21:08',2,36,8),
	(2051,'2015-07-22 14:21:08',2,171,8),
	(2052,'2015-07-22 14:21:08',2,169,8),
	(2053,'2015-07-22 14:22:44',2,169,7),
	(2054,'2015-07-22 14:22:44',2,38,7),
	(2055,'2015-07-22 14:22:44',2,169,3),
	(2056,'2015-07-22 14:22:44',2,38,3),
	(2057,'2015-07-22 14:22:44',2,171,3),
	(2058,'2015-07-22 14:22:44',2,169,8),
	(2059,'2015-07-22 14:22:44',2,38,8),
	(2060,'2015-07-22 14:22:44',2,171,8),
	(2061,'2015-07-22 14:22:44',2,173,8),
	(2062,'2015-07-22 14:23:16',2,173,7),
	(2063,'2015-07-22 14:23:16',2,41,7),
	(2064,'2015-07-22 14:23:16',2,173,3),
	(2065,'2015-07-22 14:23:16',2,41,3),
	(2066,'2015-07-22 14:23:16',2,171,3),
	(2067,'2015-07-22 14:23:16',2,173,8),
	(2068,'2015-07-22 14:23:16',2,41,8),
	(2069,'2015-07-22 14:23:16',2,171,8),
	(2070,'2015-07-22 14:23:16',2,169,8),
	(2071,'2015-07-22 14:24:10',2,169,7),
	(2072,'2015-07-22 14:24:10',2,175,7),
	(2073,'2015-07-22 14:24:11',2,169,3),
	(2074,'2015-07-22 14:24:11',2,175,3),
	(2075,'2015-07-22 14:24:11',2,171,3),
	(2076,'2015-07-22 14:24:11',2,169,8),
	(2077,'2015-07-22 14:24:11',2,175,8),
	(2078,'2015-07-22 14:24:11',2,171,8),
	(2079,'2015-07-22 14:24:11',2,173,8),
	(2080,'2015-07-22 14:24:20',2,173,7),
	(2081,'2015-07-22 14:24:20',2,32,7),
	(2082,'2015-07-22 14:24:20',2,173,3),
	(2083,'2015-07-22 14:24:20',2,32,3),
	(2084,'2015-07-22 14:24:20',2,171,3),
	(2085,'2015-07-22 14:24:20',2,173,8),
	(2086,'2015-07-22 14:24:20',2,32,8),
	(2087,'2015-07-22 14:24:20',2,171,8),
	(2088,'2015-07-22 14:24:20',2,169,8),
	(2089,'2015-07-22 14:30:51',2,173,7),
	(2090,'2015-07-22 14:30:51',2,32,7),
	(2091,'2015-07-22 14:30:51',2,173,3),
	(2092,'2015-07-22 14:30:51',2,32,3),
	(2093,'2015-07-22 14:30:51',2,171,3),
	(2094,'2015-07-22 14:30:51',2,173,8),
	(2095,'2015-07-22 14:30:51',2,32,8),
	(2096,'2015-07-22 14:30:51',2,171,8),
	(2097,'2015-07-22 14:30:51',2,169,8),
	(2098,'2015-07-22 14:33:24',2,175,7),
	(2099,'2015-07-22 14:33:24',2,169,7),
	(2100,'2015-07-22 14:33:24',2,175,3),
	(2101,'2015-07-22 14:33:24',2,169,3),
	(2102,'2015-07-22 14:33:24',2,171,3),
	(2103,'2015-07-22 14:33:24',2,175,8),
	(2104,'2015-07-22 14:33:24',2,169,8),
	(2105,'2015-07-22 14:33:24',2,171,8),
	(2106,'2015-07-22 14:33:24',2,173,8),
	(2107,'2015-07-22 14:36:43',2,171,7),
	(2108,'2015-07-22 14:36:43',2,183,7),
	(2109,'2015-07-22 14:36:43',2,171,3),
	(2110,'2015-07-22 14:36:43',2,183,3),
	(2111,'2015-07-22 14:36:43',2,173,3),
	(2112,'2015-07-22 14:36:43',2,171,8),
	(2113,'2015-07-22 14:36:43',2,183,8),
	(2114,'2015-07-22 14:36:43',2,173,8),
	(2115,'2015-07-22 14:36:43',2,169,8),
	(2116,'2015-07-22 14:36:55',2,173,7),
	(2117,'2015-07-22 14:36:55',2,179,7),
	(2118,'2015-07-22 14:36:55',2,173,3),
	(2119,'2015-07-22 14:36:55',2,179,3),
	(2120,'2015-07-22 14:36:55',2,171,3),
	(2121,'2015-07-22 14:36:55',2,173,8),
	(2122,'2015-07-22 14:36:55',2,179,8),
	(2123,'2015-07-22 14:36:55',2,171,8),
	(2124,'2015-07-22 14:36:55',2,169,8),
	(2125,'2015-07-22 14:36:57',2,173,7),
	(2126,'2015-07-22 14:36:57',2,171,7),
	(2127,'2015-07-22 14:36:58',2,173,3),
	(2128,'2015-07-22 14:36:58',2,171,3),
	(2129,'2015-07-22 14:36:58',2,175,3),
	(2130,'2015-07-22 14:36:58',2,173,8),
	(2131,'2015-07-22 14:36:58',2,171,8),
	(2132,'2015-07-22 14:36:58',2,175,8),
	(2133,'2015-07-22 14:36:58',2,169,8),
	(2134,'2015-07-22 14:39:51',2,171,7),
	(2135,'2015-07-22 14:39:51',2,42,7),
	(2136,'2015-07-22 14:39:51',2,171,3),
	(2137,'2015-07-22 14:39:51',2,42,3),
	(2138,'2015-07-22 14:39:51',2,173,3),
	(2139,'2015-07-22 14:39:51',2,171,8),
	(2140,'2015-07-22 14:39:51',2,42,8),
	(2141,'2015-07-22 14:39:51',2,173,8),
	(2142,'2015-07-22 14:39:51',2,169,8),
	(2143,'2015-07-22 14:40:02',2,173,7),
	(2144,'2015-07-22 14:40:02',2,36,7),
	(2145,'2015-07-22 14:40:03',2,173,3),
	(2146,'2015-07-22 14:40:03',2,36,3),
	(2147,'2015-07-22 14:40:03',2,171,3),
	(2148,'2015-07-22 14:40:03',2,173,8),
	(2149,'2015-07-22 14:40:03',2,36,8),
	(2150,'2015-07-22 14:40:03',2,171,8),
	(2151,'2015-07-22 14:40:03',2,169,8),
	(2152,'2015-07-22 14:40:05',2,173,7),
	(2153,'2015-07-22 14:40:05',2,47,7),
	(2154,'2015-07-22 14:40:05',2,173,3),
	(2155,'2015-07-22 14:40:05',2,47,3),
	(2156,'2015-07-22 14:40:05',2,171,3),
	(2157,'2015-07-22 14:40:05',2,173,8),
	(2158,'2015-07-22 14:40:05',2,47,8),
	(2159,'2015-07-22 14:40:05',2,171,8),
	(2160,'2015-07-22 14:40:05',2,169,8),
	(2161,'2015-07-22 14:40:15',2,173,7),
	(2162,'2015-07-22 14:40:15',2,45,7),
	(2163,'2015-07-22 14:40:15',2,173,3),
	(2164,'2015-07-22 14:40:15',2,45,3),
	(2165,'2015-07-22 14:40:15',2,171,3),
	(2166,'2015-07-22 14:40:15',2,173,8),
	(2167,'2015-07-22 14:40:15',2,45,8),
	(2168,'2015-07-22 14:40:15',2,171,8),
	(2169,'2015-07-22 14:40:15',2,169,8),
	(2170,'2015-07-22 14:43:46',2,171,7),
	(2171,'2015-07-22 14:43:46',2,44,7),
	(2172,'2015-07-22 14:43:46',2,171,3),
	(2173,'2015-07-22 14:43:46',2,44,3),
	(2174,'2015-07-22 14:43:46',2,173,3),
	(2175,'2015-07-22 14:43:46',2,171,8),
	(2176,'2015-07-22 14:43:46',2,44,8),
	(2177,'2015-07-22 14:43:46',2,173,8),
	(2178,'2015-07-22 14:43:46',2,169,8),
	(2179,'2015-07-22 14:43:56',2,171,7),
	(2180,'2015-07-22 14:43:56',2,53,7),
	(2181,'2015-07-22 14:43:56',2,171,3),
	(2182,'2015-07-22 14:43:56',2,53,3),
	(2183,'2015-07-22 14:43:56',2,173,3),
	(2184,'2015-07-22 14:43:56',2,171,8),
	(2185,'2015-07-22 14:43:56',2,53,8),
	(2186,'2015-07-22 14:43:56',2,173,8),
	(2187,'2015-07-22 14:43:56',2,169,8),
	(2188,'2015-07-22 14:44:00',2,171,7),
	(2189,'2015-07-22 14:44:00',2,30,7),
	(2190,'2015-07-22 14:44:00',2,171,3),
	(2191,'2015-07-22 14:44:00',2,30,3),
	(2192,'2015-07-22 14:44:00',2,173,3),
	(2193,'2015-07-22 14:44:00',2,171,8),
	(2194,'2015-07-22 14:44:00',2,30,8),
	(2195,'2015-07-22 14:44:00',2,173,8),
	(2196,'2015-07-22 14:44:00',2,169,8),
	(2197,'2015-07-22 14:44:01',2,171,7),
	(2198,'2015-07-22 14:44:01',2,43,7),
	(2199,'2015-07-22 14:44:02',2,171,3),
	(2200,'2015-07-22 14:44:02',2,43,3),
	(2201,'2015-07-22 14:44:02',2,173,3),
	(2202,'2015-07-22 14:44:02',2,171,8),
	(2203,'2015-07-22 14:44:02',2,43,8),
	(2204,'2015-07-22 14:44:02',2,173,8),
	(2205,'2015-07-22 14:44:02',2,169,8),
	(2206,'2015-07-22 14:44:03',2,171,7),
	(2207,'2015-07-22 14:44:03',2,183,7),
	(2208,'2015-07-22 14:44:03',2,171,3),
	(2209,'2015-07-22 14:44:03',2,183,3),
	(2210,'2015-07-22 14:44:03',2,173,3),
	(2211,'2015-07-22 14:44:03',2,171,8),
	(2212,'2015-07-22 14:44:03',2,183,8),
	(2213,'2015-07-22 14:44:03',2,173,8),
	(2214,'2015-07-22 14:44:03',2,169,8),
	(2215,'2015-07-22 14:44:04',2,171,7),
	(2216,'2015-07-22 14:44:04',2,179,7),
	(2217,'2015-07-22 14:44:04',2,171,3),
	(2218,'2015-07-22 14:44:04',2,179,3),
	(2219,'2015-07-22 14:44:04',2,173,3),
	(2220,'2015-07-22 14:44:04',2,171,8),
	(2221,'2015-07-22 14:44:04',2,179,8),
	(2222,'2015-07-22 14:44:04',2,173,8),
	(2223,'2015-07-22 14:44:04',2,169,8),
	(2224,'2015-07-22 14:44:05',2,171,7),
	(2225,'2015-07-22 14:44:05',2,52,7),
	(2226,'2015-07-22 14:44:06',2,171,3),
	(2227,'2015-07-22 14:44:06',2,52,3),
	(2228,'2015-07-22 14:44:06',2,173,3),
	(2229,'2015-07-22 14:44:06',2,171,8),
	(2230,'2015-07-22 14:44:06',2,52,8),
	(2231,'2015-07-22 14:44:06',2,173,8),
	(2232,'2015-07-22 14:44:06',2,169,8),
	(2233,'2015-07-22 14:44:09',2,171,7),
	(2234,'2015-07-22 14:44:09',2,177,7),
	(2235,'2015-07-22 14:44:09',2,171,3),
	(2236,'2015-07-22 14:44:09',2,177,3),
	(2237,'2015-07-22 14:44:09',2,173,3),
	(2238,'2015-07-22 14:44:09',2,171,8),
	(2239,'2015-07-22 14:44:09',2,177,8),
	(2240,'2015-07-22 14:44:09',2,173,8),
	(2241,'2015-07-22 14:44:09',2,169,8),
	(2242,'2015-07-22 14:44:11',2,171,7),
	(2243,'2015-07-22 14:44:11',2,165,7),
	(2244,'2015-07-22 14:44:12',2,171,3),
	(2245,'2015-07-22 14:44:12',2,165,3),
	(2246,'2015-07-22 14:44:12',2,173,3),
	(2247,'2015-07-22 14:44:12',2,171,8),
	(2248,'2015-07-22 14:44:12',2,165,8),
	(2249,'2015-07-22 14:44:12',2,173,8),
	(2250,'2015-07-22 14:44:12',2,169,8),
	(2251,'2015-07-22 14:44:13',2,171,7),
	(2252,'2015-07-22 14:44:13',2,57,7),
	(2253,'2015-07-22 14:44:13',2,171,3),
	(2254,'2015-07-22 14:44:13',2,57,3),
	(2255,'2015-07-22 14:44:13',2,173,3),
	(2256,'2015-07-22 14:44:13',2,171,8),
	(2257,'2015-07-22 14:44:13',2,57,8),
	(2258,'2015-07-22 14:44:13',2,173,8),
	(2259,'2015-07-22 14:44:13',2,169,8),
	(2260,'2015-07-22 14:44:14',2,171,7),
	(2261,'2015-07-22 14:44:14',2,30,7),
	(2262,'2015-07-22 14:44:14',2,171,3),
	(2263,'2015-07-22 14:44:14',2,30,3),
	(2264,'2015-07-22 14:44:14',2,173,3),
	(2265,'2015-07-22 14:44:14',2,171,8),
	(2266,'2015-07-22 14:44:14',2,30,8),
	(2267,'2015-07-22 14:44:14',2,173,8),
	(2268,'2015-07-22 14:44:14',2,169,8),
	(2269,'2015-07-22 14:44:15',2,171,7),
	(2270,'2015-07-22 14:44:15',2,38,7),
	(2271,'2015-07-22 14:44:15',2,171,3),
	(2272,'2015-07-22 14:44:15',2,38,3),
	(2273,'2015-07-22 14:44:15',2,173,3),
	(2274,'2015-07-22 14:44:15',2,171,8),
	(2275,'2015-07-22 14:44:15',2,38,8),
	(2276,'2015-07-22 14:44:15',2,173,8),
	(2277,'2015-07-22 14:44:15',2,169,8),
	(2278,'2015-07-22 14:44:19',2,171,7),
	(2279,'2015-07-22 14:44:19',2,28,7),
	(2280,'2015-07-22 14:44:19',2,171,3),
	(2281,'2015-07-22 14:44:20',2,28,3),
	(2282,'2015-07-22 14:44:20',2,173,3),
	(2283,'2015-07-22 14:44:20',2,171,8),
	(2284,'2015-07-22 14:44:20',2,28,8),
	(2285,'2015-07-22 14:44:20',2,173,8),
	(2286,'2015-07-22 14:44:20',2,169,8),
	(2287,'2015-07-22 14:44:22',2,171,7),
	(2288,'2015-07-22 14:44:22',2,183,7),
	(2289,'2015-07-22 14:44:22',2,171,3),
	(2290,'2015-07-22 14:44:22',2,183,3),
	(2291,'2015-07-22 14:44:22',2,173,3),
	(2292,'2015-07-22 14:44:22',2,171,8),
	(2293,'2015-07-22 14:44:22',2,183,8),
	(2294,'2015-07-22 14:44:22',2,173,8),
	(2295,'2015-07-22 14:44:22',2,169,8),
	(2296,'2015-07-22 14:44:23',2,171,7),
	(2297,'2015-07-22 14:44:23',2,53,7),
	(2298,'2015-07-22 14:44:23',2,171,3),
	(2299,'2015-07-22 14:44:23',2,53,3),
	(2300,'2015-07-22 14:44:23',2,173,3),
	(2301,'2015-07-22 14:44:23',2,171,8),
	(2302,'2015-07-22 14:44:23',2,53,8),
	(2303,'2015-07-22 14:44:23',2,173,8),
	(2304,'2015-07-22 14:44:23',2,169,8),
	(2305,'2015-07-22 14:44:25',2,171,7),
	(2306,'2015-07-22 14:44:25',2,49,7),
	(2307,'2015-07-22 14:44:25',2,171,3),
	(2308,'2015-07-22 14:44:25',2,49,3),
	(2309,'2015-07-22 14:44:25',2,173,3),
	(2310,'2015-07-22 14:44:25',2,171,8),
	(2311,'2015-07-22 14:44:25',2,49,8),
	(2312,'2015-07-22 14:44:25',2,173,8),
	(2313,'2015-07-22 14:44:25',2,169,8),
	(2314,'2015-07-22 14:44:26',2,171,7),
	(2315,'2015-07-22 14:44:26',2,175,7),
	(2316,'2015-07-22 14:44:26',2,171,3),
	(2317,'2015-07-22 14:44:26',2,175,3),
	(2318,'2015-07-22 14:44:26',2,173,3),
	(2319,'2015-07-22 14:44:26',2,171,8),
	(2320,'2015-07-22 14:44:26',2,175,8),
	(2321,'2015-07-22 14:44:26',2,173,8),
	(2322,'2015-07-22 14:44:26',2,169,8),
	(2323,'2015-07-22 14:44:27',2,171,7),
	(2324,'2015-07-22 14:44:27',2,42,7),
	(2325,'2015-07-22 14:44:27',2,171,3),
	(2326,'2015-07-22 14:44:27',2,42,3),
	(2327,'2015-07-22 14:44:27',2,173,3),
	(2328,'2015-07-22 14:44:27',2,171,8),
	(2329,'2015-07-22 14:44:27',2,42,8),
	(2330,'2015-07-22 14:44:27',2,173,8),
	(2331,'2015-07-22 14:44:27',2,169,8),
	(2332,'2015-07-22 14:44:49',2,171,7),
	(2333,'2015-07-22 14:44:49',2,46,7),
	(2334,'2015-07-22 14:44:49',2,171,3),
	(2335,'2015-07-22 14:44:49',2,46,3),
	(2336,'2015-07-22 14:44:49',2,173,3),
	(2337,'2015-07-22 14:44:49',2,171,8),
	(2338,'2015-07-22 14:44:49',2,46,8),
	(2339,'2015-07-22 14:44:49',2,173,8),
	(2340,'2015-07-22 14:44:49',2,169,8),
	(2341,'2015-07-22 14:44:50',2,171,7),
	(2342,'2015-07-22 14:44:50',2,165,7),
	(2343,'2015-07-22 14:44:50',2,171,3),
	(2344,'2015-07-22 14:44:50',2,165,3),
	(2345,'2015-07-22 14:44:50',2,173,3),
	(2346,'2015-07-22 14:44:50',2,171,8),
	(2347,'2015-07-22 14:44:50',2,165,8),
	(2348,'2015-07-22 14:44:50',2,173,8),
	(2349,'2015-07-22 14:44:50',2,169,8),
	(2350,'2015-07-22 14:44:51',2,171,7),
	(2351,'2015-07-22 14:44:51',2,26,7),
	(2352,'2015-07-22 14:44:52',2,171,3),
	(2353,'2015-07-22 14:44:52',2,26,3),
	(2354,'2015-07-22 14:44:52',2,173,3),
	(2355,'2015-07-22 14:44:52',2,171,8),
	(2356,'2015-07-22 14:44:52',2,26,8),
	(2357,'2015-07-22 14:44:52',2,173,8),
	(2358,'2015-07-22 14:44:52',2,169,8),
	(2359,'2015-07-22 14:44:52',2,171,7),
	(2360,'2015-07-22 14:44:52',2,57,7),
	(2361,'2015-07-22 14:44:53',2,171,3),
	(2362,'2015-07-22 14:44:53',2,57,3),
	(2363,'2015-07-22 14:44:53',2,173,3),
	(2364,'2015-07-22 14:44:53',2,171,8),
	(2365,'2015-07-22 14:44:53',2,57,8),
	(2366,'2015-07-22 14:44:53',2,173,8),
	(2367,'2015-07-22 14:44:53',2,169,8),
	(2368,'2015-07-22 14:44:54',2,171,7),
	(2369,'2015-07-22 14:44:54',2,54,7),
	(2370,'2015-07-22 14:44:54',2,171,3),
	(2371,'2015-07-22 14:44:54',2,54,3),
	(2372,'2015-07-22 14:44:54',2,173,3),
	(2373,'2015-07-22 14:44:54',2,171,8),
	(2374,'2015-07-22 14:44:54',2,54,8),
	(2375,'2015-07-22 14:44:54',2,173,8),
	(2376,'2015-07-22 14:44:54',2,169,8),
	(2377,'2015-07-22 14:44:55',2,171,7),
	(2378,'2015-07-22 14:44:55',2,45,7),
	(2379,'2015-07-22 14:44:55',2,171,3),
	(2380,'2015-07-22 14:44:55',2,45,3),
	(2381,'2015-07-22 14:44:55',2,173,3),
	(2382,'2015-07-22 14:44:55',2,171,8),
	(2383,'2015-07-22 14:44:55',2,45,8),
	(2384,'2015-07-22 14:44:55',2,173,8),
	(2385,'2015-07-22 14:44:55',2,169,8),
	(2386,'2015-07-22 14:44:56',2,171,7),
	(2387,'2015-07-22 14:44:56',2,47,7),
	(2388,'2015-07-22 14:44:56',2,171,3),
	(2389,'2015-07-22 14:44:56',2,47,3),
	(2390,'2015-07-22 14:44:56',2,173,3),
	(2391,'2015-07-22 14:44:56',2,171,8),
	(2392,'2015-07-22 14:44:56',2,47,8),
	(2393,'2015-07-22 14:44:56',2,173,8),
	(2394,'2015-07-22 14:44:56',2,169,8),
	(2395,'2015-07-22 16:33:48',2,179,7),
	(2396,'2015-07-22 16:33:48',2,34,7),
	(2397,'2015-07-22 16:33:48',2,179,3),
	(2398,'2015-07-22 16:33:48',2,34,3),
	(2399,'2015-07-22 16:33:48',2,171,3),
	(2400,'2015-07-22 16:33:48',2,179,8),
	(2401,'2015-07-22 16:33:48',2,34,8),
	(2402,'2015-07-22 16:33:48',2,171,8),
	(2403,'2015-07-22 16:33:48',2,173,8),
	(2404,'2015-07-23 09:36:32',2,169,7),
	(2405,'2015-07-23 09:36:32',2,53,7),
	(2406,'2015-07-23 09:36:33',2,169,3),
	(2407,'2015-07-23 09:36:33',2,53,3),
	(2408,'2015-07-23 09:36:33',2,171,3),
	(2409,'2015-07-23 09:36:33',2,169,8),
	(2410,'2015-07-23 09:36:33',2,53,8),
	(2411,'2015-07-23 09:36:33',2,171,8),
	(2412,'2015-07-23 09:36:33',2,173,8),
	(2413,'2015-07-23 13:05:50',1,171,8),
	(2414,'2015-07-23 13:05:50',2,171,8),
	(2415,'2015-07-23 13:05:50',3,171,8),
	(2416,'2015-07-23 13:05:50',4,171,8),
	(2417,'2015-07-23 13:09:46',2,42,7),
	(2418,'2015-07-23 13:09:46',2,36,7),
	(2419,'2015-07-23 13:09:46',2,42,3),
	(2420,'2015-07-23 13:09:46',2,36,3),
	(2421,'2015-07-23 13:09:46',2,171,3),
	(2422,'2015-07-23 13:19:34',2,42,7),
	(2423,'2015-07-23 13:19:34',2,45,7),
	(2424,'2015-07-23 13:19:34',2,42,3),
	(2425,'2015-07-23 13:19:34',2,45,3),
	(2426,'2015-07-23 13:19:34',2,171,3),
	(2427,'2015-07-23 13:20:53',2,42,7),
	(2428,'2015-07-23 13:20:53',2,173,7),
	(2429,'2015-07-23 13:20:54',2,42,3),
	(2430,'2015-07-23 13:20:54',2,173,3),
	(2431,'2015-07-23 13:20:54',2,171,3),
	(2432,'2015-07-23 13:30:48',2,42,7),
	(2433,'2015-07-23 13:30:48',2,173,7),
	(2434,'2015-07-23 13:30:48',2,42,3),
	(2435,'2015-07-23 13:30:48',2,173,3),
	(2436,'2015-07-23 13:30:48',2,171,3),
	(2437,'2015-07-23 13:32:38',2,42,7),
	(2438,'2015-07-23 13:32:38',2,30,7),
	(2439,'2015-07-23 13:32:38',2,42,3),
	(2440,'2015-07-23 13:32:38',2,30,3),
	(2441,'2015-07-23 13:32:38',2,171,3),
	(2442,'2015-07-23 13:33:08',2,42,7),
	(2443,'2015-07-23 13:33:08',2,165,7),
	(2444,'2015-07-23 13:33:08',2,42,3),
	(2445,'2015-07-23 13:33:08',2,165,3),
	(2446,'2015-07-23 13:33:08',2,171,3),
	(2447,'2015-07-23 13:33:54',2,42,7),
	(2448,'2015-07-23 13:33:54',2,30,7),
	(2449,'2015-07-23 13:33:54',2,42,3),
	(2450,'2015-07-23 13:33:54',2,30,3),
	(2451,'2015-07-23 13:33:54',2,171,3),
	(2452,'2015-07-23 13:34:45',2,42,7),
	(2453,'2015-07-23 13:34:45',2,50,7),
	(2454,'2015-07-23 13:34:45',2,42,3),
	(2455,'2015-07-23 13:34:45',2,50,3),
	(2456,'2015-07-23 13:34:45',2,171,3),
	(2457,'2015-07-23 13:37:12',2,42,7),
	(2458,'2015-07-23 13:37:12',2,32,7),
	(2459,'2015-07-23 13:37:12',2,42,3),
	(2460,'2015-07-23 13:37:12',2,32,3),
	(2461,'2015-07-23 13:37:12',2,171,3),
	(2462,'2015-07-23 13:39:29',2,42,7),
	(2463,'2015-07-23 13:39:29',2,41,7),
	(2464,'2015-07-23 13:39:29',2,42,3),
	(2465,'2015-07-23 13:39:29',2,41,3),
	(2466,'2015-07-23 13:39:29',2,171,3),
	(2467,'2015-07-23 13:40:23',2,42,7),
	(2468,'2015-07-23 13:40:23',2,51,7),
	(2469,'2015-07-23 13:40:23',2,42,3),
	(2470,'2015-07-23 13:40:23',2,51,3),
	(2471,'2015-07-23 13:40:23',2,171,3),
	(2472,'2015-07-23 13:42:21',2,42,7),
	(2473,'2015-07-23 13:42:21',2,49,7),
	(2474,'2015-07-23 13:42:22',2,42,3),
	(2475,'2015-07-23 13:42:22',2,49,3),
	(2476,'2015-07-23 13:42:22',2,171,3),
	(2477,'2015-07-23 13:05:50',2,171,8),
	(2478,'2015-07-23 13:43:26',2,42,7),
	(2479,'2015-07-23 13:43:26',2,55,7),
	(2480,'2015-07-23 13:43:26',2,42,3),
	(2481,'2015-07-23 13:43:26',2,55,3),
	(2482,'2015-07-23 13:43:26',2,171,3),
	(2483,'2015-07-23 13:44:33',2,42,7),
	(2484,'2015-07-23 13:44:33',2,50,7),
	(2485,'2015-07-23 13:44:34',2,42,3),
	(2486,'2015-07-23 13:44:34',2,50,3),
	(2487,'2015-07-23 13:44:34',2,171,3),
	(2488,'2015-07-23 13:46:10',2,42,7),
	(2489,'2015-07-23 13:46:10',2,44,7),
	(2490,'2015-07-23 13:46:11',2,42,3),
	(2491,'2015-07-23 13:46:11',2,44,3),
	(2492,'2015-07-23 13:46:11',2,171,3),
	(2493,'2015-07-23 13:46:27',2,42,7),
	(2494,'2015-07-23 13:46:27',2,22,7),
	(2495,'2015-07-23 13:46:28',2,42,3),
	(2496,'2015-07-23 13:46:28',2,22,3),
	(2497,'2015-07-23 13:46:28',2,171,3),
	(2498,'2015-07-23 13:47:01',2,42,7),
	(2499,'2015-07-23 13:47:01',2,55,7),
	(2500,'2015-07-23 13:47:01',2,42,3),
	(2501,'2015-07-23 13:47:01',2,55,3),
	(2502,'2015-07-23 13:47:01',2,171,3),
	(2503,'2015-07-23 13:47:25',2,42,7),
	(2504,'2015-07-23 13:47:25',2,47,7),
	(2505,'2015-07-23 13:47:25',2,42,3),
	(2506,'2015-07-23 13:47:25',2,47,3),
	(2507,'2015-07-23 13:47:25',2,171,3),
	(2508,'2015-07-23 13:54:18',2,42,7),
	(2509,'2015-07-23 13:54:18',2,30,7),
	(2510,'2015-07-23 13:54:19',2,42,3),
	(2511,'2015-07-23 13:54:19',2,30,3),
	(2512,'2015-07-23 13:54:19',2,171,3),
	(2513,'2015-07-23 13:54:41',2,42,7),
	(2514,'2015-07-23 13:54:41',2,28,7),
	(2515,'2015-07-23 13:54:41',2,42,3),
	(2516,'2015-07-23 13:54:41',2,28,3),
	(2517,'2015-07-23 13:54:41',2,171,3),
	(2518,'2015-07-23 13:54:56',2,42,7),
	(2519,'2015-07-23 13:54:56',2,46,7),
	(2520,'2015-07-23 13:54:57',2,42,3),
	(2521,'2015-07-23 13:54:57',2,46,3),
	(2522,'2015-07-23 13:54:57',2,171,3),
	(2523,'2015-07-23 13:55:09',2,42,7),
	(2524,'2015-07-23 13:55:09',2,22,7),
	(2525,'2015-07-23 13:55:09',2,42,3),
	(2526,'2015-07-23 13:55:09',2,22,3),
	(2527,'2015-07-23 13:55:09',2,171,3),
	(2528,'2015-07-23 13:55:28',2,42,7),
	(2529,'2015-07-23 13:55:28',2,52,7),
	(2530,'2015-07-23 13:55:28',2,42,3),
	(2531,'2015-07-23 13:55:28',2,52,3),
	(2532,'2015-07-23 13:55:28',2,171,3),
	(2533,'2015-07-23 13:55:46',2,42,7),
	(2534,'2015-07-23 13:55:46',2,49,7),
	(2535,'2015-07-23 13:55:46',2,42,3),
	(2536,'2015-07-23 13:55:46',2,49,3),
	(2537,'2015-07-23 13:55:46',2,171,3),
	(2538,'2015-07-23 13:55:58',2,42,7),
	(2539,'2015-07-23 13:55:58',2,51,7),
	(2540,'2015-07-23 13:55:58',2,42,3),
	(2541,'2015-07-23 13:55:58',2,51,3),
	(2542,'2015-07-23 13:55:58',2,171,3),
	(2543,'2015-07-23 14:12:56',2,171,3),
	(2544,'2015-07-23 14:12:56',2,173,3),
	(2545,'2015-07-23 14:14:47',2,169,3),
	(2546,'2015-07-23 14:14:47',2,171,3),
	(2547,'2015-07-23 14:14:52',2,169,3),
	(2548,'2015-07-23 14:14:52',2,171,3),
	(2549,'2015-07-23 14:14:55',2,169,3),
	(2550,'2015-07-23 14:14:55',2,171,3),
	(2551,'2015-07-23 14:14:57',2,169,3),
	(2552,'2015-07-23 14:14:57',2,171,3),
	(2553,'2015-07-23 14:15:00',2,169,3),
	(2554,'2015-07-23 14:15:00',2,171,3),
	(2555,'2015-07-23 14:15:01',2,169,3),
	(2556,'2015-07-23 14:15:01',2,171,3),
	(2557,'2015-07-23 14:15:14',2,171,3),
	(2558,'2015-07-23 14:15:14',2,173,3),
	(2559,'2015-07-31 09:54:10',2,168,8),
	(2560,'2015-07-31 09:54:46',2,168,8),
	(2561,'2015-07-31 09:54:55',2,168,8),
	(2562,'2015-07-31 09:55:26',2,168,8),
	(2563,'2015-07-31 09:55:58',2,168,8),
	(2564,'2015-07-31 09:55:58',2,171,8),
	(2565,'2015-07-31 09:56:05',2,168,8),
	(2566,'2015-07-31 09:56:05',2,171,8),
	(2567,'2015-07-31 09:56:07',2,168,8),
	(2568,'2015-07-31 09:56:07',2,171,8),
	(2569,'2015-07-31 09:56:12',2,168,8),
	(2570,'2015-07-31 09:56:12',2,171,8),
	(2571,'2015-07-31 09:58:38',2,168,8),
	(2572,'2015-07-31 09:58:38',2,171,8),
	(2573,'2015-07-31 09:58:40',2,168,8),
	(2574,'2015-07-31 09:58:40',2,171,8),
	(2575,'2015-07-31 09:58:41',2,168,8),
	(2576,'2015-07-31 09:58:41',2,171,8),
	(2577,'2015-07-31 09:59:31',2,170,8),
	(2578,'2015-07-31 09:59:31',2,171,8),
	(2579,'2015-07-31 09:59:34',2,171,8),
	(2580,'2015-07-31 09:59:34',2,171,8),
	(2581,'2015-07-31 09:59:37',2,171,8),
	(2582,'2015-07-31 09:59:37',2,171,8),
	(2583,'2015-07-31 10:00:08',2,171,8),
	(2584,'2015-07-31 10:00:08',2,173,8),
	(2585,'2015-07-31 10:00:10',2,171,8),
	(2586,'2015-07-31 10:00:10',2,173,8),
	(2587,'2015-07-31 10:00:11',2,171,8),
	(2588,'2015-07-31 10:00:11',2,173,8),
	(2589,'2015-07-31 10:00:12',2,171,8),
	(2590,'2015-07-31 10:00:12',2,173,8),
	(2591,'2015-07-31 10:01:01',2,171,8),
	(2592,'2015-07-31 10:01:01',2,173,8),
	(2593,'2015-07-31 10:01:03',2,171,8),
	(2594,'2015-07-31 10:01:03',2,169,8),
	(2595,'2015-07-31 10:01:13',2,171,8),
	(2596,'2015-07-31 10:01:13',2,173,8),
	(2597,'2015-07-31 10:01:15',2,171,8),
	(2598,'2015-07-31 10:01:15',2,175,8),
	(2599,'2015-07-31 10:28:24',2,171,8),
	(2600,'2015-07-31 10:28:24',2,179,8),
	(2601,'2015-07-31 10:45:52',2,171,8),
	(2602,'2015-07-31 10:45:52',2,20,8),
	(2603,'2015-07-31 10:45:52',2,34,8),
	(2604,'2015-07-31 10:45:52',2,42,8),
	(2605,'2015-07-31 10:45:52',2,173,8),
	(2606,'2015-07-31 10:49:45',2,173,8),
	(2607,'2015-07-31 10:52:40',2,169,8),
	(2608,'2015-07-31 10:52:41',2,169,3),
	(2609,'2015-07-31 11:02:45',2,171,8),
	(2610,'2015-07-31 11:02:45',2,20,8),
	(2611,'2015-07-31 11:02:45',2,34,8),
	(2612,'2015-07-31 11:02:45',2,42,8),
	(2613,'2015-07-31 11:02:45',2,173,8),
	(2614,'2015-07-31 11:02:45',2,173,8),
	(2615,'2015-07-31 11:02:45',2,171,3),
	(2616,'2015-07-31 11:02:45',2,20,3),
	(2617,'2015-07-31 11:02:45',2,34,3),
	(2618,'2015-07-31 11:02:45',2,42,3),
	(2619,'2015-07-31 11:02:45',2,173,3),
	(2620,'2015-07-31 11:02:45',2,173,3),
	(2621,'2015-07-31 11:02:45',2,20,3),
	(2622,'2015-07-31 11:02:45',2,34,3),
	(2623,'2015-07-31 11:02:45',2,42,3),
	(2624,'2015-07-31 11:03:24',2,171,8),
	(2625,'2015-07-31 11:03:24',2,20,8),
	(2626,'2015-07-31 11:03:24',2,34,8),
	(2627,'2015-07-31 11:03:24',2,42,8),
	(2628,'2015-07-31 11:03:24',2,173,8),
	(2629,'2015-07-31 11:03:24',2,171,3),
	(2630,'2015-07-31 11:03:24',2,20,3),
	(2631,'2015-07-31 11:03:24',2,34,3),
	(2632,'2015-07-31 11:03:24',2,42,3),
	(2633,'2015-07-31 11:03:24',2,173,3),
	(2634,'2015-07-31 11:03:24',2,20,3),
	(2635,'2015-07-31 11:03:24',2,34,3),
	(2636,'2015-07-31 11:03:24',2,42,3),
	(2637,'2015-07-31 11:04:12',2,171,8),
	(2638,'2015-07-31 11:04:12',2,20,8),
	(2639,'2015-07-31 11:04:12',2,34,8),
	(2640,'2015-07-31 11:04:12',2,42,8),
	(2641,'2015-07-31 11:04:12',2,175,8),
	(2642,'2015-07-31 11:04:12',2,171,3),
	(2643,'2015-07-31 11:04:12',2,20,3),
	(2644,'2015-07-31 11:04:12',2,34,3),
	(2645,'2015-07-31 11:04:12',2,42,3),
	(2646,'2015-07-31 11:04:12',2,175,3),
	(2647,'2015-07-31 11:04:12',2,20,3),
	(2648,'2015-07-31 11:04:12',2,34,3),
	(2649,'2015-07-31 11:04:12',2,42,3),
	(2650,'2015-07-31 11:05:38',2,171,8),
	(2651,'2015-07-31 11:05:38',2,20,8),
	(2652,'2015-07-31 11:05:38',2,34,8),
	(2653,'2015-07-31 11:05:38',2,42,8),
	(2654,'2015-07-31 11:05:38',2,183,8),
	(2655,'2015-07-31 11:05:38',2,171,3),
	(2656,'2015-07-31 11:05:38',2,20,3),
	(2657,'2015-07-31 11:05:38',2,34,3),
	(2658,'2015-07-31 11:05:38',2,42,3),
	(2659,'2015-07-31 11:05:38',2,183,3),
	(2660,'2015-07-31 11:05:38',2,20,3),
	(2661,'2015-07-31 11:05:38',2,34,3),
	(2662,'2015-07-31 11:05:38',2,42,3),
	(2663,'2015-07-31 11:06:41',2,171,8),
	(2664,'2015-07-31 11:06:41',2,20,8),
	(2665,'2015-07-31 11:06:41',2,34,8),
	(2666,'2015-07-31 11:06:41',2,42,8),
	(2667,'2015-07-31 11:06:41',2,173,8),
	(2668,'2015-07-31 11:06:41',2,171,3),
	(2669,'2015-07-31 11:06:41',2,20,3),
	(2670,'2015-07-31 11:06:41',2,34,3),
	(2671,'2015-07-31 11:06:41',2,42,3),
	(2672,'2015-07-31 11:06:41',2,173,3),
	(2673,'2015-07-31 11:06:41',2,20,3),
	(2674,'2015-07-31 11:06:41',2,34,3),
	(2675,'2015-07-31 11:06:41',2,42,3),
	(2676,'2015-07-31 11:38:39',2,183,8),
	(2677,'2015-07-31 11:38:39',2,183,3),
	(2678,'2015-07-31 11:39:35',2,173,8),
	(2679,'2015-07-31 11:39:35',2,173,3),
	(2680,'2015-07-31 11:40:43',2,173,8),
	(2681,'2015-07-31 11:40:43',2,173,3),
	(2682,'2015-07-31 11:40:43',2,179,3),
	(2683,'2015-07-31 11:41:31',2,173,8),
	(2684,'2015-07-31 11:41:32',2,173,3),
	(2685,'2015-07-31 11:41:32',2,179,3),
	(2686,'2015-07-31 11:43:16',2,173,8),
	(2687,'2015-07-31 11:43:17',2,173,3),
	(2688,'2015-07-31 11:43:17',2,179,3),
	(2689,'2015-07-31 11:48:01',2,175,8),
	(2690,'2015-07-31 11:48:02',2,173,3),
	(2691,'2015-07-31 15:32:51',2,179,8),
	(2692,'2015-07-31 15:43:10',2,169,3),
	(2693,'2015-07-31 15:43:14',2,169,3),
	(2694,'2015-07-31 15:43:26',2,173,3),
	(2695,'2015-07-31 15:57:36',2,38,7),
	(2696,'2015-07-31 15:57:36',2,183,3),
	(2697,'2015-07-31 16:05:06',2,54,7),
	(2698,'2015-07-31 16:05:06',2,171,3),
	(2699,'2015-08-10 17:38:36',2,41,7),
	(2700,'2015-08-10 17:38:37',2,183,3),
	(2701,'2015-08-12 16:10:25',2,36,7),
	(2702,'2015-08-12 16:10:25',2,173,3),
	(2703,'2015-09-10 09:06:24',2,56,7),
	(2704,'2015-09-10 09:06:25',2,173,3),
	(2705,'2015-09-10 09:07:06',2,57,7),
	(2706,'2015-09-10 09:07:07',2,169,3),
	(2707,'2015-11-09 22:42:25',2,30,7),
	(2708,'2015-11-09 22:42:25',2,171,3),
	(2709,'2015-11-09 22:47:16',2,181,7),
	(2710,'2015-11-09 22:47:16',2,175,3),
	(2711,'2015-11-09 22:47:52',2,173,7),
	(2712,'2015-11-09 22:47:52',2,171,3),
	(2713,'2015-11-09 22:52:03',2,169,7),
	(2714,'2015-11-09 22:52:03',2,175,3),
	(2715,'2015-11-09 22:52:36',2,177,7),
	(2716,'2015-11-09 22:52:36',2,173,3),
	(2717,'2015-11-10 14:11:45',2,46,7),
	(2718,'2015-11-10 14:11:45',2,173,3),
	(2719,'2015-11-10 14:30:17',2,38,7),
	(2720,'2015-11-10 14:30:17',2,179,3),
	(2721,'2015-11-10 14:31:05',2,49,7),
	(2722,'2015-11-10 14:31:06',2,183,3),
	(2723,'2015-11-10 14:47:30',2,55,7),
	(2724,'2015-11-10 14:47:30',2,183,3),
	(2725,'2015-11-10 15:00:24',2,46,7),
	(2726,'2015-11-10 15:00:25',2,171,3),
	(2727,'2015-11-10 15:04:55',2,54,7),
	(2728,'2015-11-10 15:04:56',2,171,3),
	(2729,'2015-11-10 15:14:57',2,36,7),
	(2730,'2015-11-10 15:14:58',2,179,3),
	(2731,'2015-11-10 15:22:24',2,181,7),
	(2732,'2015-11-10 15:22:25',2,171,3),
	(2733,'2015-11-10 15:34:18',2,32,7),
	(2734,'2015-11-10 15:34:18',2,171,3),
	(2735,'2015-11-10 16:14:37',2,175,7),
	(2736,'2015-11-10 16:14:37',2,179,3),
	(2737,'2015-11-10 16:52:53',2,183,7),
	(2738,'2015-11-10 16:52:53',2,173,3);

/*!40000 ALTER TABLE `recommandation` ENABLE KEYS */;
UNLOCK TABLES;


# Dump of table session
# ------------------------------------------------------------

DROP TABLE IF EXISTS `session`;

CREATE TABLE `session` (
  `id` int(11) NOT NULL AUTO_INCREMENT,
  `dateDebut` datetime NOT NULL,
  `dateFin` datetime DEFAULT NULL,
  `idUtilisateur` int(11) DEFAULT NULL,
  PRIMARY KEY (`id`),
  KEY `IDX_D044D5D45D419CCB` (`idUtilisateur`),
  CONSTRAINT `FK_D044D5D45D419CCB` FOREIGN KEY (`idUtilisateur`) REFERENCES `utilisateur` (`id`)
) ENGINE=InnoDB DEFAULT CHARSET=utf8 COLLATE=utf8_unicode_ci;

LOCK TABLES `session` WRITE;
/*!40000 ALTER TABLE `session` DISABLE KEYS */;

INSERT INTO `session` (`id`, `dateDebut`, `dateFin`, `idUtilisateur`)
VALUES
	(4,'2015-03-04 09:14:45','2015-05-18 15:15:07',2),
	(5,'2015-05-20 11:58:55','2015-05-20 12:03:23',2),
	(6,'2015-05-20 13:45:35','2015-05-20 13:50:55',2),
	(7,'2015-05-21 09:44:24','2015-05-21 09:45:45',2),
	(8,'2015-05-27 14:04:11','2015-05-27 00:00:09',2),
	(9,'2015-05-27 00:00:00',NULL,2);

/*!40000 ALTER TABLE `session` ENABLE KEYS */;
UNLOCK TABLES;


# Dump of table sessionecoute
# ------------------------------------------------------------

DROP TABLE IF EXISTS `sessionecoute`;

CREATE TABLE `sessionecoute` (
  `idSession` int(11) NOT NULL,
  `idEcoute` int(11) NOT NULL,
  PRIMARY KEY (`idSession`,`idEcoute`),
  KEY `IDX_21D80256C0FDBE26` (`idSession`),
  KEY `IDX_21D80256138CFE86` (`idEcoute`),
  CONSTRAINT `FK_21D80256138CFE86` FOREIGN KEY (`idEcoute`) REFERENCES `ecoute` (`id`) ON DELETE CASCADE,
  CONSTRAINT `FK_21D80256C0FDBE26` FOREIGN KEY (`idSession`) REFERENCES `session` (`id`) ON DELETE CASCADE
) ENGINE=InnoDB DEFAULT CHARSET=utf8 COLLATE=utf8_unicode_ci;

LOCK TABLES `sessionecoute` WRITE;
/*!40000 ALTER TABLE `sessionecoute` DISABLE KEYS */;

INSERT INTO `sessionecoute` (`idSession`, `idEcoute`)
VALUES
	(4,185),
	(4,188),
	(4,891),
	(4,892),
	(4,958),
	(4,964),
	(5,1234),
	(6,1235),
	(7,1236),
	(8,1237),
	(9,1238),
	(9,1239),
	(9,1240),
	(9,1241),
	(9,1242),
	(9,1243),
	(9,1244),
	(9,1245),
	(9,1246),
	(9,1247),
	(9,1248),
	(9,1249),
	(9,1250),
	(9,1251),
	(9,1252),
	(9,1253),
	(9,1254),
	(9,1255),
	(9,1256),
	(9,1257),
	(9,1258),
	(9,1259),
	(9,1260),
	(9,1261),
	(9,1262),
	(9,1263),
	(9,1264),
	(9,1265),
	(9,1266),
	(9,1267),
	(9,1268),
	(9,1269),
	(9,1270),
	(9,1271),
	(9,1272),
	(9,1273),
	(9,1274),
	(9,1275),
	(9,1276),
	(9,1277),
	(9,1278),
	(9,1279),
	(9,1280),
	(9,1281),
	(9,1282),
	(9,1283),
	(9,1284),
	(9,1285),
	(9,1286),
	(9,1287),
	(9,1288),
	(9,1289),
	(9,1290),
	(9,1291),
	(9,1292),
	(9,1293),
	(9,1294),
	(9,1295),
	(9,1296),
	(9,1297),
	(9,1298),
	(9,1299),
	(9,1300),
	(9,1301),
	(9,1302),
	(9,1303),
	(9,1304),
	(9,1305),
	(9,1306),
	(9,1307),
	(9,1308),
	(9,1309),
	(9,1310),
	(9,1311),
	(9,1312),
	(9,1313),
	(9,1314),
	(9,1315),
	(9,1316),
	(9,1317),
	(9,1318),
	(9,1319),
	(9,1320),
	(9,1321),
	(9,1322),
	(9,1323),
	(9,1324),
	(9,1325),
	(9,1326),
	(9,1327),
	(9,1328),
	(9,1329),
	(9,1330),
	(9,1331),
	(9,1332),
	(9,1333),
	(9,1334),
	(9,1335),
	(9,1336),
	(9,1337),
	(9,1338),
	(9,1339),
	(9,1340),
	(9,1341),
	(9,1342),
	(9,1343),
	(9,1344),
	(9,1345),
	(9,1346),
	(9,1347),
	(9,1348),
	(9,1349),
	(9,1350),
	(9,1351),
	(9,1352),
	(9,1353),
	(9,1354),
	(9,1355),
	(9,1356),
	(9,1357),
	(9,1358),
	(9,1359),
	(9,1360),
	(9,1361),
	(9,1362),
	(9,1363),
	(9,1364),
	(9,1365),
	(9,1366),
	(9,1367),
	(9,1368),
	(9,1369),
	(9,1370),
	(9,1371),
	(9,1372),
	(9,1373),
	(9,1374),
	(9,1375),
	(9,1376),
	(9,1377),
	(9,1378),
	(9,1379),
	(9,1380),
	(9,1381),
	(9,1382),
	(9,1383),
	(9,1384),
	(9,1385),
	(9,1386),
	(9,1387),
	(9,1388),
	(9,1389),
	(9,1390),
	(9,1391),
	(9,1392),
	(9,1393),
	(9,1394),
	(9,1395),
	(9,1396),
	(9,1397),
	(9,1398),
	(9,1399),
	(9,1400),
	(9,1401),
	(9,1402),
	(9,1403),
	(9,1404),
	(9,1405),
	(9,1406),
	(9,1407),
	(9,1408),
	(9,1409),
	(9,1410),
	(9,1411),
	(9,1412),
	(9,1413),
	(9,1414),
	(9,1415),
	(9,1416),
	(9,1417),
	(9,1418),
	(9,1419),
	(9,1420),
	(9,1421),
	(9,1422),
	(9,1423),
	(9,1424),
	(9,1425),
	(9,1426),
	(9,1427),
	(9,1428),
	(9,1429),
	(9,1430),
	(9,1431),
	(9,1432),
	(9,1433),
	(9,1434),
	(9,1435),
	(9,1436),
	(9,1437),
	(9,1438),
	(9,1439),
	(9,1440),
	(9,1441),
	(9,1442),
	(9,1443),
	(9,1444),
	(9,1445),
	(9,1446),
	(9,1447),
	(9,1448),
	(9,1449),
	(9,1450),
	(9,1451),
	(9,1452),
	(9,1453),
	(9,1454),
	(9,1455),
	(9,1456),
	(9,1457),
	(9,1458),
	(9,1459),
	(9,1460),
	(9,1461),
	(9,1462),
	(9,1463),
	(9,1464),
	(9,1465),
	(9,1466),
	(9,1467),
	(9,1468),
	(9,1469),
	(9,1470),
	(9,1471),
	(9,1472),
	(9,1473),
	(9,1474),
	(9,1475),
	(9,1476),
	(9,1477),
	(9,1478),
	(9,1479),
	(9,1480),
	(9,1481),
	(9,1482),
	(9,1483),
	(9,1484),
	(9,1485),
	(9,1486),
	(9,1487),
	(9,1488),
	(9,1489),
	(9,1490),
	(9,1491),
	(9,1492),
	(9,1493),
	(9,1494),
	(9,1495),
	(9,1496),
	(9,1497),
	(9,1498),
	(9,1499),
	(9,1500),
	(9,1501),
	(9,1502),
	(9,1503),
	(9,1504),
	(9,1505),
	(9,1506),
	(9,1507),
	(9,1508),
	(9,1509),
	(9,1510),
	(9,1511),
	(9,1512),
	(9,1513),
	(9,1514),
	(9,1515),
	(9,1516),
	(9,1517),
	(9,1518),
	(9,1519),
	(9,1520),
	(9,1521),
	(9,1522),
	(9,1523),
	(9,1524),
	(9,1525),
	(9,1526),
	(9,1527),
	(9,1528),
	(9,1529),
	(9,1530),
	(9,1531),
	(9,1532),
	(9,1533),
	(9,1534),
	(9,1535),
	(9,1536),
	(9,1537),
	(9,1538),
	(9,1539),
	(9,1540),
	(9,1541),
	(9,1542),
	(9,1543),
	(9,1544),
	(9,1545),
	(9,1546),
	(9,1547),
	(9,1548),
	(9,1549),
	(9,1550),
	(9,1551),
	(9,1552),
	(9,1553),
	(9,1554),
	(9,1555),
	(9,1556),
	(9,1557),
	(9,1558),
	(9,1559),
	(9,1560),
	(9,1561),
	(9,1562),
	(9,1563),
	(9,1564),
	(9,1565),
	(9,1566),
	(9,1567),
	(9,1568),
	(9,1569),
	(9,1570),
	(9,1571),
	(9,1572),
	(9,1573),
	(9,1574);

/*!40000 ALTER TABLE `sessionecoute` ENABLE KEYS */;
UNLOCK TABLES;


# Dump of table sessionplaylist
# ------------------------------------------------------------

DROP TABLE IF EXISTS `sessionplaylist`;

CREATE TABLE `sessionplaylist` (
  `idPlaylist` int(11) NOT NULL,
  `idSession` int(11) NOT NULL,
  PRIMARY KEY (`idPlaylist`,`idSession`),
  KEY `IDX_B112720A84213B76` (`idPlaylist`),
  KEY `IDX_B112720AC0FDBE26` (`idSession`),
  CONSTRAINT `FK_B112720A84213B76` FOREIGN KEY (`idPlaylist`) REFERENCES `playlist` (`id`) ON DELETE CASCADE,
  CONSTRAINT `FK_B112720AC0FDBE26` FOREIGN KEY (`idSession`) REFERENCES `session` (`id`) ON DELETE CASCADE
) ENGINE=InnoDB DEFAULT CHARSET=utf8 COLLATE=utf8_unicode_ci;



# Dump of table tag
# ------------------------------------------------------------

DROP TABLE IF EXISTS `tag`;

CREATE TABLE `tag` (
  `id` int(11) NOT NULL AUTO_INCREMENT,
  `libelle` varchar(25) COLLATE utf8_unicode_ci NOT NULL,
  PRIMARY KEY (`id`)
) ENGINE=InnoDB DEFAULT CHARSET=utf8 COLLATE=utf8_unicode_ci;

LOCK TABLES `tag` WRITE;
/*!40000 ALTER TABLE `tag` DISABLE KEYS */;

INSERT INTO `tag` (`id`, `libelle`)
VALUES
	(1,'Zen'),
	(2,'Pop'),
	(3,'Fun'),
	(4,'Magic'),
	(5,'triste'),
	(6,'heureux'),
	(10,'indie'),
	(11,'alternative'),
	(12,'rock'),
	(13,'indie rock'),
	(14,'Love'),
	(15,'soul'),
	(16,'Neo-Soul'),
	(17,'mali'),
	(18,'world'),
	(19,'french'),
	(20,'reggae'),
	(21,'africa'),
	(22,'etude'),
	(23,'rythm');

/*!40000 ALTER TABLE `tag` ENABLE KEYS */;
UNLOCK TABLES;


# Dump of table tagartiste
# ------------------------------------------------------------

DROP TABLE IF EXISTS `tagartiste`;

CREATE TABLE `tagartiste` (
  `idTag` int(11) NOT NULL,
  `idArtiste` int(11) NOT NULL,
  PRIMARY KEY (`idTag`,`idArtiste`),
  KEY `IDX_8C759BE022C1AA04` (`idTag`),
  KEY `IDX_8C759BE08CBE5EBD` (`idArtiste`),
  CONSTRAINT `FK_8C759BE022C1AA04` FOREIGN KEY (`idTag`) REFERENCES `tag` (`id`) ON DELETE CASCADE,
  CONSTRAINT `FK_8C759BE08CBE5EBD` FOREIGN KEY (`idArtiste`) REFERENCES `artiste` (`id`) ON DELETE CASCADE
) ENGINE=InnoDB DEFAULT CHARSET=utf8 COLLATE=utf8_unicode_ci;



# Dump of table tagplaylist
# ------------------------------------------------------------

DROP TABLE IF EXISTS `tagplaylist`;

CREATE TABLE `tagplaylist` (
  `idTag` int(11) NOT NULL,
  `idPlaylist` int(11) NOT NULL,
  PRIMARY KEY (`idTag`,`idPlaylist`),
  KEY `IDX_91FBDDFA22C1AA04` (`idTag`),
  KEY `IDX_91FBDDFA84213B76` (`idPlaylist`),
  CONSTRAINT `FK_91FBDDFA22C1AA04` FOREIGN KEY (`idTag`) REFERENCES `tag` (`id`) ON DELETE CASCADE,
  CONSTRAINT `FK_91FBDDFA84213B76` FOREIGN KEY (`idPlaylist`) REFERENCES `playlist` (`id`) ON DELETE CASCADE
) ENGINE=InnoDB DEFAULT CHARSET=utf8 COLLATE=utf8_unicode_ci;

LOCK TABLES `tagplaylist` WRITE;
/*!40000 ALTER TABLE `tagplaylist` DISABLE KEYS */;

INSERT INTO `tagplaylist` (`idTag`, `idPlaylist`)
VALUES
	(1,1),
	(2,1),
	(5,13),
	(6,13);

/*!40000 ALTER TABLE `tagplaylist` ENABLE KEYS */;
UNLOCK TABLES;


# Dump of table tagsession
# ------------------------------------------------------------

DROP TABLE IF EXISTS `tagsession`;

CREATE TABLE `tagsession` (
  `idTag` int(11) NOT NULL,
  `idSession` int(11) NOT NULL,
  PRIMARY KEY (`idTag`,`idSession`),
  KEY `IDX_C0367B7B22C1AA04` (`idTag`),
  KEY `IDX_C0367B7BC0FDBE26` (`idSession`),
  CONSTRAINT `FK_C0367B7B22C1AA04` FOREIGN KEY (`idTag`) REFERENCES `tag` (`id`) ON DELETE CASCADE,
  CONSTRAINT `FK_C0367B7BC0FDBE26` FOREIGN KEY (`idSession`) REFERENCES `session` (`id`) ON DELETE CASCADE
) ENGINE=InnoDB DEFAULT CHARSET=utf8 COLLATE=utf8_unicode_ci;

LOCK TABLES `tagsession` WRITE;
/*!40000 ALTER TABLE `tagsession` DISABLE KEYS */;

INSERT INTO `tagsession` (`idTag`, `idSession`)
VALUES
	(6,9),
	(23,9);

/*!40000 ALTER TABLE `tagsession` ENABLE KEYS */;
UNLOCK TABLES;


# Dump of table test
# ------------------------------------------------------------

DROP TABLE IF EXISTS `test`;

CREATE TABLE `test` (
  `id` int(11) NOT NULL AUTO_INCREMENT,
  `dateDebut` datetime NOT NULL,
  `dateFin` datetime DEFAULT NULL,
  `label` varchar(25) DEFAULT NULL,
  `mode` varchar(25) NOT NULL,
  `groups` int(11) NOT NULL,
  PRIMARY KEY (`id`)
) ENGINE=InnoDB DEFAULT CHARSET=latin1;

LOCK TABLES `test` WRITE;
/*!40000 ALTER TABLE `test` DISABLE KEYS */;

INSERT INTO `test` (`id`, `dateDebut`, `dateFin`, `label`, `mode`, `groups`)
VALUES
	(39,'2015-06-15 16:13:32','2015-06-15 16:20:29',NULL,'Same',2),
	(40,'2015-06-16 14:32:16','2015-06-16 16:27:59','Supertest','Same',1),
	(41,'2015-06-16 16:29:47','2015-06-16 16:38:47','Test','A_B',1),
	(42,'2015-06-16 16:40:03','2015-06-17 10:56:45','Supa','Same',1),
	(44,'2015-06-17 10:56:45','2015-06-19 13:30:54','Supsue','Same',2),
	(45,'2015-06-19 15:40:53','2015-06-19 15:46:40','Test4','A_B',2),
	(46,'2015-06-19 16:01:08','2015-06-26 10:45:16','Test10','A_B',2),
	(47,'2015-06-26 10:45:16','2015-07-03 15:25:16','Nouveau test','A_B',2),
	(48,'2015-07-03 15:25:16','2015-07-10 11:58:30','TestforAll','Same',1),
	(49,'2015-07-10 11:58:30','2015-07-10 13:07:12','HeyTest','Same',1),
	(88,'2015-07-10 14:50:20','2015-07-16 10:58:37','TestForEvery','Same',1),
	(89,'2015-07-16 10:58:37','2015-07-16 11:08:55','TestSolo','A_B',2),
	(90,'2015-07-16 11:09:15','2015-07-16 11:13:03','TestOrder','A_B',2),
	(91,'2015-07-16 11:13:03','2015-07-16 11:26:32','T1','A_B',2),
	(92,'2015-07-16 11:26:32','2015-07-16 11:27:30','T1','Same',1),
	(93,'2015-07-16 11:27:30','2015-07-16 11:28:20','T2','Same',1),
	(94,'2015-07-16 11:28:20','2015-07-16 11:42:15','T3','Same',1),
	(95,'2015-07-16 11:42:15','2015-07-16 11:45:10','T3','Same',1),
	(96,'2015-07-16 11:45:10','2015-07-16 11:46:12','T3','Same',1),
	(97,'2015-07-16 11:46:12','2015-07-17 11:21:32','T5','A_B',2),
	(98,'2015-07-17 11:21:32','2015-07-23 14:07:01','T7','Same',1),
	(99,'2015-07-23 14:07:01','2015-07-24 15:45:44','T14','A_B',2),
	(100,'2015-07-24 15:45:44',NULL,NULL,'Same',1);

/*!40000 ALTER TABLE `test` ENABLE KEYS */;
UNLOCK TABLES;


# Dump of table typeaction
# ------------------------------------------------------------

DROP TABLE IF EXISTS `typeaction`;

CREATE TABLE `typeaction` (
  `id` int(11) NOT NULL AUTO_INCREMENT,
  `libelle` varchar(255) COLLATE utf8_unicode_ci NOT NULL,
  PRIMARY KEY (`id`)
) ENGINE=InnoDB DEFAULT CHARSET=utf8 COLLATE=utf8_unicode_ci;

LOCK TABLES `typeaction` WRITE;
/*!40000 ALTER TABLE `typeaction` DISABLE KEYS */;

INSERT INTO `typeaction` (`id`, `libelle`)
VALUES
	(1,'Block'),
	(2,'Like'),
	(3,'Share');

/*!40000 ALTER TABLE `typeaction` ENABLE KEYS */;
UNLOCK TABLES;


# Dump of table typeinteraction
# ------------------------------------------------------------

DROP TABLE IF EXISTS `typeinteraction`;

CREATE TABLE `typeinteraction` (
  `id` int(11) NOT NULL AUTO_INCREMENT,
  `libelle` varchar(255) COLLATE utf8_unicode_ci NOT NULL,
  PRIMARY KEY (`id`)
) ENGINE=InnoDB DEFAULT CHARSET=utf8 COLLATE=utf8_unicode_ci;

LOCK TABLES `typeinteraction` WRITE;
/*!40000 ALTER TABLE `typeinteraction` DISABLE KEYS */;

INSERT INTO `typeinteraction` (`id`, `libelle`)
VALUES
	(1,'Next'),
	(2,'Previous'),
	(3,'Stop'),
	(4,'Play'),
	(5,'Mute'),
	(6,'Loop'),
	(7,'Block'),
	(8,'Random'),
	(9,'Like');

/*!40000 ALTER TABLE `typeinteraction` ENABLE KEYS */;
UNLOCK TABLES;


# Dump of table utilisateur
# ------------------------------------------------------------

DROP TABLE IF EXISTS `utilisateur`;

CREATE TABLE `utilisateur` (
  `id` int(11) NOT NULL,
  `dateInscription` date NOT NULL,
  `birthdate` date NOT NULL,
  `genre` tinyint(1) NOT NULL,
  `pays` varchar(25) COLLATE utf8_unicode_ci NOT NULL,
  PRIMARY KEY (`id`)
) ENGINE=InnoDB DEFAULT CHARSET=utf8 COLLATE=utf8_unicode_ci;

LOCK TABLES `utilisateur` WRITE;
/*!40000 ALTER TABLE `utilisateur` DISABLE KEYS */;

INSERT INTO `utilisateur` (`id`, `dateInscription`, `birthdate`, `genre`, `pays`)
VALUES
	(1,'2015-01-07','1917-09-15',1,'Turquie'),
	(2,'2015-03-03','1901-12-01',0,'Afghanistan'),
	(3,'2015-03-16','1901-12-01',1,'Afghanistan'),
	(4,'2015-03-17','1988-12-01',0,'France');

/*!40000 ALTER TABLE `utilisateur` ENABLE KEYS */;
UNLOCK TABLES;


# Dump of table utilisateuramis
# ------------------------------------------------------------

DROP TABLE IF EXISTS `utilisateuramis`;

CREATE TABLE `utilisateuramis` (
  `idUtilisateur` int(11) NOT NULL,
  `idUtilisateurAmi` int(11) NOT NULL,
  PRIMARY KEY (`idUtilisateur`,`idUtilisateurAmi`),
  KEY `IDX_5FC542E85D419CCB` (`idUtilisateur`),
  KEY `IDX_5FC542E82BF13F1F` (`idUtilisateurAmi`),
  CONSTRAINT `FK_5FC542E82BF13F1F` FOREIGN KEY (`idUtilisateurAmi`) REFERENCES `utilisateur` (`id`),
  CONSTRAINT `FK_5FC542E85D419CCB` FOREIGN KEY (`idUtilisateur`) REFERENCES `utilisateur` (`id`)
) ENGINE=InnoDB DEFAULT CHARSET=utf8 COLLATE=utf8_unicode_ci;

LOCK TABLES `utilisateuramis` WRITE;
/*!40000 ALTER TABLE `utilisateuramis` DISABLE KEYS */;

INSERT INTO `utilisateuramis` (`idUtilisateur`, `idUtilisateurAmi`)
VALUES
	(1,2),
	(2,1);

/*!40000 ALTER TABLE `utilisateuramis` ENABLE KEYS */;
UNLOCK TABLES;


# Dump of table video
# ------------------------------------------------------------

DROP TABLE IF EXISTS `video`;

CREATE TABLE `video` (
  `description` varchar(25) COLLATE utf8_unicode_ci NOT NULL,
  `qualite` varchar(25) COLLATE utf8_unicode_ci NOT NULL,
  `idItem` int(11) NOT NULL,
  PRIMARY KEY (`idItem`),
  CONSTRAINT `FK_7CC7DA2C6CE67B80` FOREIGN KEY (`idItem`) REFERENCES `item` (`id`)
) ENGINE=InnoDB DEFAULT CHARSET=utf8 COLLATE=utf8_unicode_ci;



# Dump of table videolangue
# ------------------------------------------------------------

DROP TABLE IF EXISTS `videolangue`;

CREATE TABLE `videolangue` (
  `idVideo` int(11) NOT NULL,
  `idLangue` int(11) NOT NULL,
  PRIMARY KEY (`idVideo`,`idLangue`),
  KEY `IDX_960D90B06B039931` (`idVideo`),
  KEY `IDX_960D90B0F046DD14` (`idLangue`),
  CONSTRAINT `FK_960D90B06B039931` FOREIGN KEY (`idVideo`) REFERENCES `video` (`idItem`),
  CONSTRAINT `FK_960D90B0F046DD14` FOREIGN KEY (`idLangue`) REFERENCES `langue` (`id`)
) ENGINE=InnoDB DEFAULT CHARSET=utf8 COLLATE=utf8_unicode_ci;




/*!40111 SET SQL_NOTES=@OLD_SQL_NOTES */;
/*!40101 SET SQL_MODE=@OLD_SQL_MODE */;
/*!40014 SET FOREIGN_KEY_CHECKS=@OLD_FOREIGN_KEY_CHECKS */;
/*!40101 SET CHARACTER_SET_CLIENT=@OLD_CHARACTER_SET_CLIENT */;
/*!40101 SET CHARACTER_SET_RESULTS=@OLD_CHARACTER_SET_RESULTS */;
/*!40101 SET COLLATION_CONNECTION=@OLD_COLLATION_CONNECTION */;
